Metric group,Metric,Direction,Reference score,latxa_8b_instruct | P0 translation score,latxa_8b_instruct | P4 SFT translation score,latxa_8b_instruct | P5 GRPO A1 translation score,latxa_8b_instruct | P5 GRPO A2 translation score,latxa_8b_instruct | P5 GRPO A5 translation score,salamandrata_7b_instruct | P0 translation score,salamandrata_7b_instruct | P4 SFT translation score,salamandrata_7b_instruct | P5 GRPO A1 translation score,salamandrata_7b_instruct | P5 GRPO A2 translation score,salamandrata_7b_instruct | P5 GRPO A3v2 translation score,salamandrata_7b_instruct | P5 GRPO A3v5 translation score,salamandrata_7b_instruct | P5 GRPO A5 translation score
Adequacy,bleu,higher is better,,43.756113642911586,49.750791924943826,50.02247604571135,49.77091486832408,50.4173729855741,58.4658071565786,57.64261860129952,58.114515954421805,57.10383688921662,57.80939676407578,49.49495159616461,58.08400557630572
Adequacy,chrf pp,higher is better,,66.58040906460836,70.76666019198275,71.29961941185535,71.19126373169424,71.35391501658144,76.28173268726157,76.38782828157696,76.72143733954032,76.19338454553703,76.51576857159309,71.97208905977298,76.76352095610794
Adequacy,comet,higher is better,,0.8833658911650806,0.9034784185914042,0.9083545575147438,0.9079087765891701,0.9040223489366386,0.9205204086624552,0.9160966449989797,0.9168085968964614,0.9165321448839457,0.9168537712705661,0.8893308194565939,0.9161032009567296
Adequacy,comet qe,higher is better,0.8091541419449649,0.774354423973234,0.8000246205663183,0.8119611832250575,0.8136810888719946,0.8023111384076751,0.8278723343895649,0.8079644277207813,0.8131860967751445,0.8131587386580742,0.8140093084174077,0.781883355774625,0.8105619823745951
Adequacy,cometkiwi,higher is better,0.8091541419449649,0.774354423973234,0.8000246205663183,0.8119611832250575,0.8136810888719946,0.8023111384076751,0.8278723343895649,0.8079644277207813,0.8131860967751445,0.8131587386580742,0.8140093084174077,0.781883355774625,0.8105619823745951
Adequacy,metricx,lower is better,,3.391804985823045,2.5515472382099613,2.2166271675767035,2.233439772214801,2.5039785831406056,1.7043518661899522,2.1081248262849597,2.0426482625668676,2.0227748088175623,2.011946595980507,2.5985523235493635,2.0859877849192188
Adequacy,ter,lower is better,,41.45788123890314,34.94772144407181,35.00690471493391,35.56914578812389,34.306569343065696,29.02939435786151,28.960347208522393,28.684158611165913,29.769185243637796,28.950483330045373,37.30518840007891,28.37837837837838
Adequacy,xcomet,higher is better,,0.886260422365848,0.9301196449455695,0.9445339848574795,0.9448642259822367,0.9333614909593577,0.9665208799794766,0.9509382785196371,0.9578518144907365,0.9544525147175844,0.9561104216459456,0.9067972820692992,0.955177059375493
Astred,aligned source ratio,,,0.9332400846910157,0.9451083801098599,0.9462690363492006,0.9413138352124449,0.9471729227964268,0.9526403101522464,0.9522266210239787,0.9511180990069642,0.9478023138381461,0.9497501495890711,0.8689302776355783,0.9529070459511059
Astred,aligned target ratio,,,0.9142658425030531,0.9344360216419421,0.9378032840595755,0.937979438186754,0.9354494043878695,0.9420286641128891,0.9403325085111837,0.9449062963627068,0.9421846044515809,0.9432838589482992,0.9043349565310163,0.9414728941112179
Astred,aligned word pairs,,,24.549675052414027,25.051220107189955,25.136282947399597,25.12406618123429,25.06378199984651,25.56681553068085,25.55292228559119,25.420607344851465,25.58069557884323,25.53023719985205,24.973157857167713,25.443224021076748
Astred,rows eligible,,,410.0,414.0,415.0,415.0,415.0,406.0,394.0,401.0,392.0,398.0,393.0,400.0
Astred,rows excluded sentence count mismatch,,,21.0,17.0,16.0,16.0,16.0,25.0,37.0,30.0,39.0,33.0,38.0,31.0
Astred,rows failed,,,0.0,0.0,0.0,0.0,0.0,0.0,0.0,0.0,0.0,0.0,0.0,0.0
Astred,rows scored,,,410.0,414.0,415.0,415.0,415.0,406.0,394.0,401.0,392.0,398.0,393.0,400.0
Astred,rows scored multisentence,,,40.0,44.0,45.0,45.0,45.0,36.0,22.0,30.0,20.0,26.0,23.0,28.0
Astred,rows total,,,431.0,431.0,431.0,431.0,431.0,431.0,431.0,431.0,431.0,431.0,431.0,431.0
Astred,sacr cross,lower means closer to reference structure,,1.3826783067420663,0.9895630895433223,0.8241756467848704,0.904509963721786,0.8096963843149985,0.6845411512238776,0.6794934492287404,0.5607938737758995,0.6798787183366416,0.6274044676781625,0.8850934924357832,0.5883010474903094
Astred,sentence pairs scored,,,450.0,458.0,460.0,460.0,460.0,442.0,416.0,431.0,412.0,424.0,416.0,428.0
Astred,seq cross,lower means closer to reference structure,,0.9914411378016533,0.7189280024134544,0.6528933655329701,0.6392920504567173,0.6071290734595685,0.510882517220416,0.5312770525942923,0.442752077581454,0.5319195346631722,0.4831902458842615,0.6952275498301146,0.45980789680537787
Astred,ted,lower means closer to reference structure,,7.440267102158332,6.208944429861476,6.162737332370707,6.334545540986213,6.026121731113089,5.4633505298180856,5.396228238505607,5.233728410135591,5.555154455669761,5.419449903990007,12.487629594951398,5.349115380418966
Astred,word cross,lower means closer to reference structure,,3.596407424896018,3.119806417036156,2.742556379113843,3.074492223263522,2.773351980864683,2.7353196169207874,2.3574259489835234,2.157823184697117,2.3295758175942485,2.273330405323777,2.4587477773960678,2.2260645597487705
Astred Source Prediction,aligned source ratio,,,0.9232865136186241,0.9359545578181736,0.9401579368749905,0.9373419285341806,0.9379536898409029,0.9307213153469842,0.928334941774616,0.9320275736539756,0.9290720570127364,0.9322281027344578,0.8877328634695054,0.9302068369240101
Astred Source Prediction,aligned target ratio,,,0.8696994706581899,0.8736832644522439,0.8723597540966769,0.866385905483495,0.8741390772845457,0.8684725394329915,0.8679379325144236,0.8659750876822573,0.8636156806884467,0.8655787460392329,0.7840907547281699,0.8674972218901685
Astred Source Prediction,aligned word pairs,,,23.732495802730195,24.0631309332359,24.1590439438806,24.11969604752849,24.093012971994405,24.213839187009732,24.199068657466853,24.07570636297173,24.120618025907138,24.18016613281983,23.344445544388602,24.0821367672915
Astred Source Prediction,rows eligible,,,419.0,425.0,426.0,426.0,426.0,417.0,403.0,410.0,399.0,407.0,402.0,409.0
Astred Source Prediction,rows excluded sentence count mismatch,,,12.0,6.0,5.0,5.0,5.0,14.0,28.0,21.0,32.0,24.0,29.0,22.0
Astred Source Prediction,rows failed,,,0.0,0.0,0.0,0.0,0.0,0.0,0.0,0.0,0.0,0.0,0.0,0.0
Astred Source Prediction,rows scored,,,419.0,425.0,426.0,426.0,426.0,417.0,403.0,410.0,399.0,407.0,402.0,409.0
Astred Source Prediction,rows scored multisentence,,,41.0,46.0,47.0,47.0,47.0,38.0,23.0,31.0,20.0,27.0,24.0,29.0
Astred Source Prediction,rows total,,,431.0,431.0,431.0,431.0,431.0,431.0,431.0,431.0,431.0,431.0,431.0,431.0
Astred Source Prediction,sacr cross,lower means closer to source structure,,2.9737960717750433,3.1167656683826586,2.9582498403388735,3.0154373028847052,3.023473876361742,3.2217507341792038,3.2015064250911487,3.144475779731049,3.2524827257724107,3.1828820860522162,3.7799635768847484,3.2037081278419053
Astred Source Prediction,sentence pairs scored,,,460.0,471.0,473.0,473.0,473.0,455.0,426.0,441.0,419.0,434.0,426.0,438.0
Astred Source Prediction,seq cross,lower means closer to source structure,,2.7044031204778225,2.7903684622755405,2.665191417501779,2.7152886131189007,2.7349351011482006,2.886920089453349,2.818152835152109,2.7712936952428295,2.8477154796363138,2.7860970817636828,3.3658165125863917,2.814317596021212
Astred Source Prediction,ted,lower means closer to source structure,,10.610815163487693,10.358921965853192,10.373964813021534,10.507982059184496,10.303936635549894,10.832057739242629,10.729140634857679,10.642131267677602,10.833123714836987,10.723455444337523,19.656465653129384,10.697162982328718
Astred Source Prediction,word cross,lower means closer to source structure,,4.017002513846958,4.193485101924225,3.8985233475156917,4.0300941429962975,4.059455313482073,4.276985019087463,4.591893283908345,4.539558073428416,4.6967681190043225,4.620840270392282,5.176448243894609,4.572701025626289
Astred Source Reference,aligned source ratio,,0.918902424102828,,,,,,,,,,,,
Astred Source Reference,aligned target ratio,,0.8474965000223644,,,,,,,,,,,,
Astred Source Reference,aligned word pairs,,23.31699486415113,,,,,,,,,,,,
Astred Source Reference,rows eligible,,414.0,,,,,,,,,,,,
Astred Source Reference,rows excluded sentence count mismatch,,17.0,,,,,,,,,,,,
Astred Source Reference,rows failed,,0.0,,,,,,,,,,,,
Astred Source Reference,rows scored,,414.0,,,,,,,,,,,,
Astred Source Reference,rows scored multisentence,,45.0,,,,,,,,,,,,
Astred Source Reference,rows total,,431.0,,,,,,,,,,,,
Astred Source Reference,sacr cross,human reference structural distance from source; comparison baseline,3.7413411909096483,,,,,,,,,,,,
Astred Source Reference,sentence pairs scored,,459.0,,,,,,,,,,,,
Astred Source Reference,seq cross,human reference structural distance from source; comparison baseline,3.1301564052624635,,,,,,,,,,,,
Astred Source Reference,ted,human reference structural distance from source; comparison baseline,11.245668279040478,,,,,,,,,,,,
Astred Source Reference,word cross,human reference structural distance from source; comparison baseline,5.39043178101602,,,,,,,,,,,,
Frequency Profile Reference,text count,,,70000.0,70000.0,70000.0,70000.0,70000.0,70000.0,70000.0,70000.0,70000.0,70000.0,70000.0,70000.0
Lexical Diversity,mattr 50,closer to reference is better,0.819618518518517,0.820747469013146,0.81502829121086,0.818830913348939,0.8158975314392117,0.8167490099943393,0.814775686054134,0.8196690173953899,0.8198913959367016,0.8184618256486799,0.8189666448659202,0.8051945885841376,0.8201279157261019
Lexical Diversity,mtld,closer to reference is better,102.46343923763536,105.9301260869243,97.92847609161342,101.87020752644165,100.95687234555537,103.62369044187705,101.74685343768314,103.87464286092259,103.89589780895898,106.66934275475015,102.59831983500175,87.92831445504606,104.87575569785858
Lexical Diversity,token count,closer to reference is better,10849.0,10618.0,10653.0,10724.0,10784.0,10655.0,10726.0,10684.0,10730.0,10763.0,10752.0,10841.0,10681.0
Lexical Diversity,ttr,closer to reference is better,0.26463268504009585,0.2650216613298173,0.2624612785130949,0.26165609847071986,0.2604784866468843,0.262599718442046,0.26030206973708747,0.26151254211905656,0.25843429636533083,0.25940722846789926,0.2583705357142857,0.25569596900654923,0.2610242486658553
Lexical Diversity,type count,closer to reference is better,2871.0,2814.0,2796.0,2806.0,2809.0,2798.0,2792.0,2794.0,2773.0,2792.0,2778.0,2772.0,2788.0
Lexical Diversity,yules i,closer to reference is better,99.54717844450346,102.30608907755494,98.4508051377522,100.53058641295415,99.46702384068122,100.754735149354,97.15221999098121,100.26162143170838,101.16237588964063,99.98098549854053,100.1690523557669,101.68127162929126,101.01969234638128
Lexical Diversity,yules k,closer to reference is better,100.45488135632993,97.74589264593355,101.5735725676191,99.47221394812655,100.53583201621922,99.250918432533,102.9312557235266,99.73906124001138,98.85098004132615,100.01901811765973,99.83123294890873,98.34652773086786,98.99060042384122
Lexical Frequency Profile,b1 top 1000,closer to reference is better,0.6686330537376717,0.6656620832548502,0.6691072937200788,0.6689668034315553,0.6698813056379822,0.6681370248709526,0.6712660824165579,0.6697865967802321,0.6711090400745573,0.6710025085942581,0.6707589285714286,0.6690342219352459,0.6693193521205879
Lexical Frequency Profile,b2 1001 2000,closer to reference is better,0.06101944879712416,0.06715012243360331,0.0663662817985544,0.06518090264826558,0.06537462908011869,0.06532144533083059,0.06386350922990863,0.06383377012354924,0.06300093196644921,0.06355105453869739,0.06305803571428571,0.06244811364265289,0.0635708267016197
Lexical Frequency Profile,b3 beyond 2000,closer to reference is better,0.27034749746520415,0.26718779431154643,0.26452642448136676,0.26585229392017906,0.2647440652818991,0.2665415297982168,0.2648704083535335,0.26637963309621865,0.26589002795899347,0.2654464368670445,0.2661830357142857,0.2685176644221013,0.26710982117779236
Morphological Diversity,morph inverse simpson optional,closer to reference is better,2.1461854468595662,2.143346400228772,2.1519879611044086,2.166839847092142,2.1580556068866548,2.1574421823595538,2.1476679024029894,2.1469559254439456,2.132016719767976,2.13169541752727,2.1262369571875532,2.1380967008965346,2.1417798481105574
Morphological Diversity,morph shannon entropy,closer to reference is better,0.7791369250796717,0.7761156585507084,0.7815936489249142,0.785211329548955,0.7821437303791726,0.780914625122039,0.7782594122860457,0.7733428370861765,0.7700611568192244,0.7690506285934494,0.7670292466563036,0.7707542233488222,0.7724308619665119
Morphological Diversity,morph simpson d,closer to reference is better,0.502125235806586,0.503737584165397,0.5013876083681309,0.500769920183533,0.5023288758512119,0.502158874653334,0.50407667272029,0.5059334323607126,0.5073408740428255,0.5085722777024554,0.5094105286673031,0.5069322834223482,0.5060264395391076
Overall,row count,,,431.0,431.0,431.0,431.0,431.0,431.0,431.0,431.0,431.0,431.0,431.0,431.0
Synonym Frequency Analysis,sfa cdu,closer to reference is better,0.3695795241492621,0.37579806690453443,0.3711396526095297,0.37354423035325246,0.3767980666909867,0.3737794825920274,0.36890075697948577,0.37030769790583334,0.37101564107773266,0.3719170140692735,0.3731323022725095,0.3738057134711801,0.3714486769127262
Synonym Frequency Analysis,sfa ptf,closer to reference is better,0.9325639212600999,0.939042076447765,0.9341585507045386,0.9361603055832193,0.9414969359842394,0.9382018771252003,0.9284891508037288,0.9270362424812891,0.9298833095572022,0.9306365664077,0.9316679779243701,0.9335957802336655,0.9274068963173395
Synonym Frequency Analysis,sfa syn ttr,closer to reference is better,0.36797583081570995,0.3484757919904363,0.3584795321637427,0.3579676674364896,0.3568904593639576,0.3546511627906977,0.36064627813040967,0.3646376811594203,0.35965417867435157,0.3633720930232558,0.36127167630057805,0.35528596187175043,0.36347926267281105
