Metric group,Metric,Direction,Reference score,latxa_8b_instruct | P0 translation score,latxa_8b_instruct | P4 SFT translation score,latxa_8b_instruct | P5 GRPO A2 translation score,latxa_8b_instruct | P5 GRPO A3v2 translation score,latxa_8b_instruct | P5 GRPO A3v5 translation score,latxa_8b_instruct | P5 GRPO A5 translation score,salamandrata_7b_instruct | P0 translation score,salamandrata_7b_instruct | P4 SFT translation score,salamandrata_7b_instruct | P5 GRPO A2 translation score,salamandrata_7b_instruct | P5 GRPO A5 translation score
Adequacy,bleu,higher is better,,13.827270708598519,16.938558320241746,17.025299281488234,17.786655882051143,16.260349919041758,16.684980912996206,18.814543908437756,18.109469397086386,18.55566205627075,18.04203272683175
Adequacy,chrf pp,higher is better,,38.19301502786102,40.91722350672434,41.61977852071447,42.17714886043721,39.84085857307594,40.988563377769204,43.08288610216765,42.47687985654138,42.9784435996567,42.33997116865326
Adequacy,comet,higher is better,,0.6727850614368915,0.7078702796816826,0.7250773027658463,0.7276728262424469,0.709287800437212,0.7118246780157089,0.7393282746911048,0.7265278219342232,0.7373712830543518,0.7234388332247734
Adequacy,comet qe,higher is better,0.58220346538499,0.5465444668278098,0.6088069049794227,0.6422889131300151,0.6451381705712527,0.6198021520495415,0.6186498339757324,0.6498222553014755,0.6357001556351781,0.6525173910811544,0.6303245814546943
Adequacy,cometkiwi,higher is better,0.58220346538499,0.5465444668278098,0.6088069049794227,0.6422889131300151,0.6451381705712527,0.6198021520495415,0.6186498339757324,0.6498222553014755,0.6357001556351781,0.6525173910811544,0.6303245814546943
Adequacy,metricx,lower is better,,7.936882032957673,6.312020510289073,5.690422712522746,5.68159652801454,5.975999822944403,6.183939892867207,5.0791003391861915,5.584520342224836,5.216055940133333,5.652751007181406
Adequacy,ter,lower is better,,76.6789828298196,73.93863652829094,74.27189741360574,72.70520901253352,75.98891545316235,72.49692095921176,70.15141635876259,70.79258132290082,70.8378613344925,70.60602767514308
Adequacy,xcomet,higher is better,,0.5942344328440726,0.6855528546337039,0.7119666679684072,0.7141463827699422,0.6901763507284224,0.6911116675406694,0.7476736308038234,0.7241431935474276,0.7417968646556139,0.7192209234178066
Astred,aligned source ratio,,,0.8191762892238997,0.8306991676739411,0.8099078258393198,0.8125348190038957,0.7702696624810443,0.8295991253941618,0.8282638695473562,0.8288056933691456,0.8232834315861037,0.8317647178520928
Astred,aligned target ratio,,,0.7668656885550912,0.7889983568973628,0.8010281732659397,0.8013230221516553,0.8032008930197378,0.7907530454452971,0.7991685463145655,0.7998706424280776,0.8082890775210285,0.7973163072378003
Astred,aligned word pairs,,,20.397254575707155,20.850119056477414,21.227970946579195,21.55223880597015,21.382198074315284,20.57851946940522,20.26049985211476,20.553598808860578,20.4406580493537,20.290139808682856
Astred,rows eligible,,,2405.0,2416.0,2425.0,2479.0,2424.0,2337.0,2254.0,2279.0,2257.0,2265.0
Astred,rows excluded sentence count mismatch,,,95.0,84.0,75.0,21.0,76.0,163.0,246.0,221.0,243.0,235.0
Astred,rows failed,,,1.0,0.0,0.0,0.0,1.0,0.0,0.0,0.0,0.0,0.0
Astred,rows scored,,,2404.0,2416.0,2425.0,2479.0,2423.0,2337.0,2254.0,2279.0,2257.0,2265.0
Astred,rows scored multisentence,,,0.0,1.0,2.0,0.0,1.0,1.0,1.0,1.0,1.0,1.0
Astred,rows total,,,2500.0,2500.0,2500.0,2500.0,2500.0,2500.0,2500.0,2500.0,2500.0,2500.0
Astred,sacr cross,lower means closer to reference structure,,11.265391014975041,9.80794701986755,10.284123711340206,10.686567164179104,12.49855550969872,9.792468977321352,8.508873114463176,9.344449319877139,8.705804164820558,9.01103752759382
Astred,sentence pairs scored,,,2404.0,2417.0,2427.0,2479.0,2424.0,2338.0,2255.0,2280.0,2258.0,2266.0
Astred,seq cross,lower means closer to reference structure,,8.537437603993345,7.4134933774834435,7.77979381443299,8.078257361839452,9.706149401568304,7.3649978605049204,6.3855368234250225,7.045634050021939,6.5821887461231725,6.768211920529802
Astred,ted,lower means closer to reference structure,,15.991680532445923,15.773629920380982,15.800379568884724,15.768455022186366,38.55535549881402,15.079054343175011,14.314132899536625,14.734340411475564,14.414440099400897,14.462717684571988
Astred,word cross,lower means closer to reference structure,,16.78161397670549,15.688741721854305,16.254845360824742,17.135941912061316,18.90507635163021,15.424475823705606,13.791038154392192,15.079420798595875,14.235268054940185,14.585871964679912
Astred Source Prediction,aligned source ratio,,,0.8665692754961887,0.887236532031824,0.8946912698090281,0.8915898919296308,0.878030832581895,0.8945432534771969,0.8877936008560795,0.8938554750535423,0.8947946861954876,0.8942124881397879
Astred Source Prediction,aligned target ratio,,,0.8509175942127136,0.8549056357365692,0.8316565434091113,0.8284351763514836,0.7722774416829407,0.8577769411275677,0.8471996031706693,0.8522049328118134,0.8396059484452214,0.8564426489488052
Astred Source Prediction,aligned word pairs,,,21.35648918469218,21.777225672877847,22.008670520231213,22.16774193548387,21.6242774566474,21.571489726027398,21.027075011096315,21.52019315188762,21.12367021276596,21.290194346289752
Astred Source Prediction,rows eligible,,,2405.0,2415.0,2422.0,2480.0,2423.0,2336.0,2253.0,2278.0,2256.0,2264.0
Astred Source Prediction,rows excluded sentence count mismatch,,,95.0,85.0,78.0,20.0,77.0,164.0,247.0,222.0,244.0,236.0
Astred Source Prediction,rows failed,,,1.0,0.0,0.0,0.0,1.0,0.0,0.0,0.0,0.0,0.0
Astred Source Prediction,rows scored,,,2404.0,2415.0,2422.0,2480.0,2422.0,2336.0,2253.0,2278.0,2256.0,2264.0
Astred Source Prediction,rows scored multisentence,,,0.0,0.0,0.0,0.0,0.0,0.0,0.0,0.0,0.0,0.0
Astred Source Prediction,rows total,,,2500.0,2500.0,2500.0,2500.0,2500.0,2500.0,2500.0,2500.0,2500.0,2500.0
Astred Source Prediction,sacr cross,lower means closer to source structure,,3.1813643926788684,2.70351966873706,3.2246077621800167,3.39758064516129,5.081337737407101,2.473030821917808,2.633821571238349,2.4692712906057945,2.523936170212766,2.4019434628975267
Astred Source Prediction,sentence pairs scored,,,2404.0,2415.0,2422.0,2480.0,2422.0,2336.0,2253.0,2278.0,2256.0,2264.0
Astred Source Prediction,seq cross,lower means closer to source structure,,2.570299500831947,2.24472049689441,2.5871180842279107,2.742338709677419,4.2770437654830715,2.014982876712329,2.1673324456280514,2.030289727831431,2.06959219858156,1.963339222614841
Astred Source Prediction,ted,lower means closer to source structure,,13.06198003327787,13.24472049689441,13.514450867052023,13.647580645161291,36.73410404624278,12.310359589041095,12.047492232578783,12.009657594381036,12.131205673758865,11.676678445229681
Astred Source Prediction,word cross,lower means closer to source structure,,4.089018302828619,3.4795031055900623,4.243600330305533,4.468951612903226,6.285301403798513,3.221318493150685,3.438526409232135,3.149692712906058,3.261968085106383,3.0441696113074204
Astred Source Reference,aligned source ratio,,0.805510706738977,,,,,,,,,,
Astred Source Reference,aligned target ratio,,0.7359453478045065,,,,,,,,,,
Astred Source Reference,aligned word pairs,,20.135362434921905,,,,,,,,,,
Astred Source Reference,rows eligible,,2497.0,,,,,,,,,,
Astred Source Reference,rows excluded sentence count mismatch,,3.0,,,,,,,,,,
Astred Source Reference,rows failed,,0.0,,,,,,,,,,
Astred Source Reference,rows scored,,2497.0,,,,,,,,,,
Astred Source Reference,rows scored multisentence,,0.0,,,,,,,,,,
Astred Source Reference,rows total,,2500.0,,,,,,,,,,
Astred Source Reference,sacr cross,human reference structural distance from source; comparison baseline,11.231477773327994,,,,,,,,,,
Astred Source Reference,sentence pairs scored,,2497.0,,,,,,,,,,
Astred Source Reference,seq cross,human reference structural distance from source; comparison baseline,9.03364036844213,,,,,,,,,,
Astred Source Reference,ted,human reference structural distance from source; comparison baseline,17.16740088105727,,,,,,,,,,
Astred Source Reference,word cross,human reference structural distance from source; comparison baseline,14.663195835002002,,,,,,,,,,
Frequency Profile Reference,text count,,,70000.0,70000.0,70000.0,70000.0,70000.0,70000.0,70000.0,70000.0,70000.0,70000.0
Lexical Diversity,mattr 50,closer to reference is better,0.8045196652862322,0.7995877622700259,0.7820190853438286,0.7925882828565989,0.8004989899704762,0.79754862860332,0.7997288679141193,0.803358641286624,0.8040027450695977,0.8037229190420812,0.8047542175682473
Lexical Diversity,mtld,closer to reference is better,87.62697738381243,81.30932788322173,70.01554515011355,76.44706234993272,83.53013200297295,80.55312459250847,82.14725651110021,85.53655486996772,85.40180995438561,85.52654267123435,86.57461043145133
Lexical Diversity,token count,closer to reference is better,58248.0,54144.0,55589.0,56940.0,56483.0,57217.0,54930.0,55631.0,55421.0,56177.0,55057.0
Lexical Diversity,ttr,closer to reference is better,0.12584123060019228,0.12917405437352245,0.1175412401734156,0.11747453459782227,0.1182656728573199,0.11576978869916284,0.11957036227926451,0.11853103485466736,0.12036953501380343,0.11931929437314204,0.12120166373031585
Lexical Diversity,type count,closer to reference is better,7330.0,6994.0,6534.0,6689.0,6680.0,6624.0,6568.0,6594.0,6671.0,6703.0,6673.0
Lexical Diversity,yules i,closer to reference is better,100.99980555146404,113.0799029037458,102.01752408431278,104.25093406310022,104.71078646094708,107.57225258729237,104.94582254185165,107.30918865618516,108.35769345994484,108.38369590646649,108.35745087463856
Lexical Diversity,yules k,closer to reference is better,99.01009160759762,88.43304374352047,98.02237497682712,95.9224019417157,95.5011449916824,92.96077528808122,95.28726115812823,93.1886646915172,92.28694041643261,92.2647997594569,92.28714702387425
Lexical Frequency Profile,b1 top 1000,closer to reference is better,0.7247974179370965,0.7254728132387707,0.7484394394574466,0.7490691956445381,0.746206823291964,0.7537619938130276,0.7439832514108866,0.7433804892955367,0.7406939607729922,0.7422076650586539,0.739506329803658
Lexical Frequency Profile,b2 1001 2000,closer to reference is better,0.05071418761159181,0.05343158983451537,0.05389555487596467,0.05231822971548999,0.05283005506081476,0.052064945732911545,0.0530129255415984,0.05103269759666373,0.05079302069612602,0.05016287804617548,0.05107434113736673
Lexical Frequency Profile,b3 beyond 2000,closer to reference is better,0.22448839445131163,0.22109559692671396,0.1976650056665887,0.1986125746399719,0.2009631216472213,0.19417306045406085,0.20300382304751502,0.2055868131077996,0.2085130185308818,0.20762945689517062,0.20941932905897526
Morphological Diversity,morph inverse simpson optional,closer to reference is better,2.189370708452093,2.2042525955483496,2.141829206266877,2.153548686388584,2.15559965541723,2.1613720764218702,2.1470841169651194,2.1811732597646736,2.155930932424237,2.164787069583776,2.14453782697287
Morphological Diversity,morph shannon entropy,closer to reference is better,0.8013557564194811,0.806608031657771,0.7920110408197577,0.7980601663829877,0.796697217245132,0.7999526027045314,0.7953699706085587,0.803779231809912,0.7973731241017485,0.7977105210405415,0.7923613992324543
Morphological Diversity,morph simpson d,closer to reference is better,0.5074259507858805,0.5084872120240043,0.5153392835435994,0.5124072211868883,0.512823736183057,0.5109331327955008,0.5139775021587127,0.5082138408748496,0.5113312244512905,0.51176679933429,0.5128912807169199
Overall,row count,,,2500.0,2500.0,2500.0,2500.0,2500.0,2500.0,2500.0,2500.0,2500.0,2500.0
Synonym Frequency Analysis,sfa cdu,closer to reference is better,0.3561348369052462,0.3530110956648793,0.3576938336383079,0.3561628330144815,0.3559343089048946,0.3564880290553362,0.35825649364221407,0.35034631051602255,0.35242769702698545,0.3501221525684204,0.35085844432572816
Synonym Frequency Analysis,sfa ptf,closer to reference is better,0.9132021389101128,0.9166582133386714,0.9228180636914084,0.92010486474747,0.9191706168203092,0.9192781133536639,0.9235180787656898,0.9146804992115446,0.9177976358577976,0.9136060297664208,0.915877629117818
Synonym Frequency Analysis,sfa syn ttr,closer to reference is better,0.14732667450058753,0.1307090293190048,0.1298196349497786,0.13165696716811245,0.12905701754385965,0.12980769230769232,0.12844530577088717,0.13457491582491582,0.13680374804789172,0.13771567693447656,0.1369268897149938
