Metric group,Metric,Direction,Reference score,gemma3_12b_it | P0 translation score,gemma3_27b_it | P0 translation score,gemma3_27b_it | P1 translation score,gemma3_27b_it | P2 translation score,gemma3_27b_it | P3 translation score,latxa_70b_instruct | P0 translation score,latxa_70b_instruct | P1 translation score,latxa_70b_instruct | P2 translation score,latxa_70b_instruct | P3 translation score,latxa_8b_instruct | P0 translation score,latxa_8b_instruct | P1 translation score,latxa_8b_instruct | P2 translation score,latxa_8b_instruct | P3 translation score,latxa_8b_instruct | P4 SFT translation score,latxa_8b_instruct | P5 GRPO A0 translation score,latxa_8b_instruct | P5 GRPO A1 translation score,latxa_8b_instruct | P5 GRPO A2 translation score,latxa_8b_instruct | P5 GRPO A3 translation score,latxa_8b_instruct | P5 GRPO A4 translation score,latxa_8b_instruct | P5 GRPO A3v2 translation score,latxa_8b_instruct | P5 GRPO A3v3 translation score,latxa_8b_instruct | P5 GRPO A3v4 translation score,latxa_8b_instruct | P5 GRPO A3v5 translation score,latxa_8b_instruct | P5 GRPO A5 translation score,qwen3_32b | P0 translation score,qwen3_8b | P0 translation score,salamandra_7b_instruct | P0 translation score,salamandra_7b_instruct | P1 translation score,salamandra_7b_instruct | P2 translation score,salamandra_7b_instruct | P3 translation score,salamandrata_7b_instruct | P0 translation score,salamandrata_7b_instruct | P4 SFT translation score,salamandrata_7b_instruct | P5 GRPO A0 translation score,salamandrata_7b_instruct | P5 GRPO A1 translation score,salamandrata_7b_instruct | P5 GRPO A2 translation score,salamandrata_7b_instruct | P5 GRPO A3 translation score,salamandrata_7b_instruct | P5 GRPO A4 translation score,salamandrata_7b_instruct | P5 GRPO A3v2 translation score,salamandrata_7b_instruct | P5 GRPO A3v3 translation score,salamandrata_7b_instruct | P5 GRPO A3v4 translation score,salamandrata_7b_instruct | P5 GRPO A3v5 translation score,salamandrata_7b_instruct | P5 GRPO A5 translation score
Adequacy,bleu,higher is better,,48.58218079547228,50.21699289153742,41.39062386214129,36.95688321188517,41.10422413751611,53.83899318531653,51.57541760528484,51.97118751899649,41.96160370050304,40.48077508867048,38.707524217991306,38.82550168234181,34.34606128898735,57.743933102530846,56.51155876037905,56.8650219922186,55.33601201627256,49.736294850458194,54.76494138039916,55.709041344841445,54.96676182836619,52.114427580614425,46.92187522132258,58.289415498283894,46.311403294128716,42.30186201771055,48.32095431733126,47.563832960539465,48.34436863126473,44.60648135825072,60.15776081732067,68.32718456548979,66.80398459597777,66.83025951326047,67.18550573479014,60.57328225723411,61.465216769682,65.97792861237141,64.97018972084157,50.50012007442875,54.54178584752252,67.2661396267307
Adequacy,chrf pp,higher is better,,68.08770959664837,69.70956609935622,63.89369971688161,59.58006215395862,62.25715537541154,71.3986679410004,69.80526756795867,70.23288501182711,62.64106375743842,61.36052452333999,60.343646182281965,60.723488058999166,56.726544469981455,73.8852979371615,74.14242917915128,74.18961672736187,73.38771662546104,71.11378660033215,72.96289994718185,73.72852047159195,73.05344582426963,70.99386253622883,62.21068764132309,74.42482507026234,66.29221630871383,63.05908327061314,67.51232743302882,66.92389980522739,67.52208074874686,65.18866385949461,75.42539321594292,80.99309518963842,80.4804139258853,80.47201119961353,80.71937539429693,79.12541867585394,79.50012139268641,80.04755499687623,79.70611373546558,71.9156786018595,74.35681976544639,80.39592245179891
Adequacy,comet,higher is better,,0.8607868340909481,0.8683012513518333,0.8501492876261473,0.8505388279259205,0.8541607048809529,0.8703225401341915,0.8687495095282793,0.8689890383929014,0.8496987955421209,0.8153432589173317,0.8129140990376472,0.8192735923230648,0.809432136207819,0.868951056689024,0.8769954279065132,0.877276191085577,0.8771920882165432,0.8642995597273111,0.871276279091835,0.8764732897281646,0.8750602911561728,0.8698263316377998,0.813503641679883,0.8748241093605756,0.8534111716300249,0.8363830679357052,0.8608667368143796,0.8596425742357969,0.8609248902350665,0.841672017455101,0.8874612403213977,0.8917191697657109,0.8931583075374365,0.893473356410861,0.8949623394012451,0.8728744047880173,0.8731432790905237,0.8927859655618667,0.8913685257956385,0.8204897093176842,0.8620224848166108,0.8920038138180971
Adequacy,comet qe,higher is better,0.7112716943910345,0.7294291076362133,0.741520249848254,0.7350452603162266,0.747365596299991,0.7402685751072131,0.7234234078312293,0.7311866820789874,0.7270000891620293,0.7273054467476905,0.645703982051462,0.6479541594176553,0.6584344094637782,0.6486128508672118,0.7059421229436994,0.7279430123232306,0.7286945274472236,0.7343925793245435,0.7081930294297636,0.7172940753810108,0.7315580578297377,0.7286239353604614,0.7150545919071883,0.6717402194687165,0.7157571081034839,0.7129034447968006,0.6871045768521726,0.7188031030232087,0.7193248824109323,0.7188804784649983,0.6969974096789956,0.7446827273331582,0.7266175860576332,0.7323961274884642,0.73309417007491,0.7382723030298949,0.7166460020840169,0.7130742928795516,0.7348083398900926,0.7318148753158749,0.7153955722874962,0.7162924206331373,0.7272918600402772
Adequacy,cometkiwi,higher is better,0.7112716943910345,0.7294291076362133,0.741520249848254,0.7350452603162266,0.747365596299991,0.7402685751072131,0.7234234078312293,0.7311866820789874,0.7270000891620293,0.7273054467476905,0.645703982051462,0.6479541594176553,0.6584344094637782,0.6486128508672118,0.7059421229436994,0.7279430123232306,0.7286945274472236,0.7343925793245435,0.7081930294297636,0.7172940753810108,0.7315580578297377,0.7286239353604614,0.7150545919071883,0.6717402194687165,0.7157571081034839,0.7129034447968006,0.6871045768521726,0.7188031030232087,0.7193248824109323,0.7188804784649983,0.6969974096789956,0.7446827273331582,0.7266175860576332,0.7323961274884642,0.73309417007491,0.7382723030298949,0.7166460020840169,0.7130742928795516,0.7348083398900926,0.7318148753158749,0.7153955722874962,0.7162924206331373,0.7272918600402772
Adequacy,metricx,lower is better,,3.263391317665577,2.865544971741736,3.004421531781554,2.8561914924681187,2.8626161713078617,3.1487864348366856,3.0750564601048826,3.0817956381738187,3.224845703125,5.098754863552749,5.029437711827457,4.845864185824991,4.992925830222666,3.506385184019804,3.127828616410494,3.1504544320330026,3.0580163378715515,3.553995373673737,3.3148850143700836,3.0983786386847494,3.1248823593780397,3.176640271678567,3.8034207058474423,3.2893177874833346,3.709376678571105,4.483160945266485,3.3559504729509353,3.350053800135851,3.353528507769108,3.778177841424942,2.5590950053706765,2.8093343015909196,2.7318424274250863,2.705106051631272,2.6226656805351376,3.089736010029912,3.153486629679799,2.6684880878180266,2.7317916905730963,2.9723330911397934,3.0728552892655134,2.808636646702886
Adequacy,ter,lower is better,,39.07104576061563,38.073381888140716,47.79167239246942,50.48509000961935,46.818743987907105,34.45375841693005,36.64147313453346,36.22097018001924,46.13989281297238,47.10182767624021,50.18276762402088,49.27305208190188,53.4148687646008,31.282121753469838,32.00494709358252,31.76308918510375,33.27470111309606,36.37487975814209,33.49732032430947,32.95039164490861,33.55778480142916,38.01291741102102,43.20186890202006,30.704960835509137,40.464477119692184,44.19403600384774,39.72241308231414,40.42599972516147,39.70867115569603,46.387247492098396,29.380239109523153,22.621959598735746,23.586642847327198,23.542668682149237,23.33928816820118,31.14470248728872,30.39164490861619,24.205029545142228,25.09000961934863,37.57592414456507,35.553112546379,23.336539782877562
Adequacy,xcomet,higher is better,,0.9013185733929276,0.9172544667571783,0.9099563045203686,0.9223815074339509,0.9184073561728001,0.8998972543999553,0.9071207812950015,0.9034338758960366,0.9009178256131709,0.8111737249009311,0.809858317643404,0.8172039107494056,0.8129012022763491,0.8836871570274234,0.900548107907176,0.8996521282345057,0.9031750777885318,0.8916919897794724,0.8927728177234531,0.9005276488438249,0.899007485948503,0.8929921161010861,0.8536047312021255,0.8917687661275268,0.880058236323297,0.8455205773115158,0.8925288358181716,0.8936241170279682,0.892581685706973,0.8378481120280922,0.9254754545688629,0.9079422190710902,0.9094171129465103,0.910275504000485,0.9147839441150427,0.8807722291983664,0.8787497418466955,0.9112295530959964,0.90859239769727,0.886548805391416,0.8891525518689305,0.9074731071740388
Astred,aligned source ratio,,,0.918029502749504,0.9223387934009414,0.896415951149635,0.8813472802518644,0.8929271324286274,0.9396794573125337,0.9301952866848293,0.9317428594816559,0.8973589817634156,0.9156581547140331,0.912337483794331,0.9003302563748962,0.8921594227853962,0.9445760796108175,0.9354243023936636,0.9366694487830337,0.9297065952330233,0.8827988050261155,0.9274672376866986,0.9296897107611457,0.9281661793359313,0.9137460730183128,0.8350886661704462,0.9446826763016195,0.9283336196136255,0.9254586563263332,0.9200857959847203,0.9174395844745077,0.9201190960180203,0.9078657203151888,0.9458972165601898,0.9552801877806354,0.9504545434877361,0.9507954668543984,0.9498062458933303,0.88714488815376,0.8934306206292524,0.9478432886755823,0.9475915696983064,0.8049689738511913,0.8541685747370427,0.9548143422727894
Astred,aligned target ratio,,,0.9253477965766966,0.9318825415987638,0.9114447685455667,0.8929357114643247,0.8953961277942597,0.9332679503373245,0.9281825339412311,0.9293526740431259,0.8948787867231719,0.8991361503112022,0.8976923917577272,0.8956596095526593,0.8691667367959256,0.9404994743482143,0.9467527791643549,0.9466109959461734,0.9456691116922182,0.9415282374521634,0.9453439500639144,0.9467130836732193,0.9446955661068709,0.9050287956272884,0.9018648289860451,0.9424245120298164,0.9288832625377144,0.9188141538286234,0.9222262968542221,0.9212956544235158,0.9223186414843819,0.9171202108512941,0.9367895234874735,0.9548929036220111,0.9573593292374811,0.9569499891859522,0.9576392573906284,0.9564327805214148,0.9571582541023375,0.9564510221363193,0.9554116812000091,0.8753158886346657,0.9223567062770749,0.953504300849723
Astred,aligned word pairs,,,18.92694386217401,19.09141330636788,18.855830918314883,18.12344102905063,18.253071057122213,19.27494681440259,19.11534853671677,19.130965917718676,18.417536782712997,18.617202643435714,18.58556802930547,18.605990201144618,18.03737532302158,19.373833444173954,19.464726879245312,19.48117646956306,19.45478019070581,19.483894720620732,19.476777432679153,19.477558565422076,19.464409017377825,18.76241192539242,19.561370658551233,19.419422934275097,19.09635022886491,18.889562966075417,18.98998206677612,19.025648182302582,18.99102863925126,18.894966981058346,19.254199870758832,19.672577642207564,19.73393474380136,19.72133182308708,19.680659601396815,19.673148486702843,19.715271949667756,19.70563219909923,19.66070491918855,18.030315519778927,18.956278748207918,19.650781153658833
Astred,rows eligible,,,1870.0,1861.0,1801.0,1848.0,1865.0,1929.0,1930.0,1916.0,1879.0,1896.0,1885.0,1876.0,1861.0,1929.0,1926.0,1927.0,1924.0,1916.0,1925.0,1922.0,1934.0,1885.0,1852.0,1928.0,1910.0,1892.0,1911.0,1904.0,1911.0,1885.0,1916.0,1951.0,1953.0,1954.0,1945.0,1932.0,1939.0,1953.0,1953.0,1904.0,1895.0,1956.0
Astred,rows excluded sentence count mismatch,,,130.0,139.0,199.0,152.0,135.0,71.0,70.0,84.0,121.0,104.0,115.0,124.0,139.0,71.0,74.0,73.0,76.0,84.0,75.0,78.0,66.0,115.0,148.0,72.0,90.0,108.0,89.0,96.0,89.0,115.0,84.0,49.0,47.0,46.0,55.0,68.0,61.0,47.0,47.0,96.0,105.0,44.0
Astred,rows failed,,,0.0,0.0,0.0,0.0,0.0,0.0,0.0,0.0,0.0,0.0,0.0,0.0,0.0,0.0,0.0,0.0,0.0,0.0,0.0,0.0,0.0,0.0,0.0,0.0,0.0,0.0,0.0,0.0,0.0,0.0,0.0,0.0,0.0,0.0,0.0,0.0,0.0,0.0,0.0,0.0,0.0,0.0
Astred,rows scored,,,1870.0,1861.0,1801.0,1848.0,1865.0,1929.0,1930.0,1916.0,1879.0,1896.0,1885.0,1876.0,1861.0,1929.0,1926.0,1927.0,1924.0,1916.0,1925.0,1922.0,1934.0,1885.0,1852.0,1928.0,1910.0,1892.0,1911.0,1904.0,1911.0,1885.0,1916.0,1951.0,1953.0,1954.0,1945.0,1932.0,1939.0,1953.0,1953.0,1904.0,1895.0,1956.0
Astred,rows scored multisentence,,,138.0,138.0,134.0,143.0,134.0,143.0,150.0,139.0,118.0,131.0,131.0,124.0,105.0,146.0,149.0,148.0,147.0,128.0,142.0,148.0,149.0,140.0,90.0,148.0,151.0,146.0,144.0,143.0,144.0,136.0,148.0,153.0,155.0,155.0,156.0,154.0,154.0,155.0,154.0,135.0,136.0,156.0
Astred,rows total,,,2000.0,2000.0,2000.0,2000.0,2000.0,2000.0,2000.0,2000.0,2000.0,2000.0,2000.0,2000.0,2000.0,2000.0,2000.0,2000.0,2000.0,2000.0,2000.0,2000.0,2000.0,2000.0,2000.0,2000.0,2000.0,2000.0,2000.0,2000.0,2000.0,2000.0,2000.0,2000.0,2000.0,2000.0,2000.0,2000.0,2000.0,2000.0,2000.0,2000.0,2000.0,2000.0
Astred,sacr cross,lower means closer to reference structure,,0.9861268621605425,0.9051714002281561,1.3992219133235912,1.544535369579929,1.4500221253436476,0.8267419821549903,0.980283333327913,0.8863825724448484,1.3904629255986862,1.2497926391703442,1.2991084518559062,1.4106114737493132,1.793398925446698,0.751138387715616,0.8051819591299326,0.7808711610806227,0.828552897466817,0.8416108167161833,0.7508928494158948,0.8872534865398553,0.8625130527658579,0.8496048512988984,3.458920062900081,0.766664419503564,1.0754177880413671,1.16129481373804,1.1051172368236972,1.0551214052124036,1.1030240918734093,1.1392580982657305,0.6588050122928495,0.5381153799747449,0.5404269121641692,0.5273866661452936,0.5665368674953927,0.6105299312941521,0.6008543549381244,0.5312250588893265,0.5399192834990622,0.7497986279439918,0.7663865324719589,0.5247924590306109
Astred,sentence pairs scored,,,2046.0,2038.0,1971.0,2029.0,2039.0,2110.0,2122.0,2092.0,2027.0,2063.0,2053.0,2034.0,1988.0,2115.0,2117.0,2116.0,2112.0,2073.0,2107.0,2111.0,2125.0,2067.0,1960.0,2114.0,2103.0,2081.0,2092.0,2083.0,2092.0,2056.0,2106.0,2145.0,2148.0,2149.0,2141.0,2125.0,2133.0,2148.0,2148.0,2076.0,2068.0,2153.0
Astred,seq cross,lower means closer to reference structure,,0.7571947762233467,0.7210195425679564,1.0481204289924126,1.1498821923661038,1.0817146805052824,0.6302927313083748,0.7495244884257131,0.6763538395907154,1.0834127833320344,0.9692437954559361,1.021677912397281,1.0399444088496623,1.3272635510491255,0.5976382033711164,0.6328396095982982,0.6288934988616421,0.6536238049660998,0.6380010808528468,0.599234443208554,0.6902403730557362,0.6692446964316765,0.6618117412666665,3.081683338151036,0.5973935052186873,0.795510767280803,0.9340277715071297,0.8124862165826675,0.8032829582626893,0.8119629303450956,0.8533573514944214,0.5204481322086366,0.42219230260655644,0.43397155022043193,0.420985784939501,0.44500914072345005,0.49963753844310577,0.4796994563455884,0.43458110859714266,0.44300600119963895,0.583808434186717,0.6291516251169375,0.42461997694984394
Astred,ted,lower means closer to reference structure,,5.617584128126059,5.4060960766544754,6.707574381467966,7.451113975541917,6.994918995903075,4.9697672360747704,5.2615559370123295,5.275013624424686,6.860101138008295,6.443290295633392,6.563875187588625,6.7755185107202,7.6587289257461455,4.5263398307639005,4.697426535516122,4.637448431516716,4.845528245417135,5.958959016185132,4.863158617843441,4.8146088068638,4.982048845181814,7.211291169895298,68.25499437237674,4.456502683917407,5.510429444633232,5.857639084109402,5.718431222443579,5.8428596915541196,5.713721646305431,6.260312821933363,4.495128131044185,3.632279181236155,3.7712407046500984,3.7633413290920004,3.7293494186831873,6.100146468109822,5.450271187888033,3.921851086612121,4.157060289183589,8.085067813312175,10.281962324854005,3.7593726455819545
Astred,word cross,lower means closer to reference structure,,2.0846792014484357,1.9365571797756878,3.229074874615711,3.539863618661114,3.126238272595627,1.7244977650103872,1.908131037152358,1.9300904149243368,2.8918196146680852,2.467478663982644,2.6824158069739648,2.807113831559205,3.8487224976129513,1.6433570341812476,1.7003729423891198,1.6925529091496625,1.7660520299660099,1.8292852048035286,1.7136596767474361,1.8393339253149017,1.8608455128266372,1.9260838945085081,4.2887635358074325,1.6811225864579307,2.139269718292085,2.262356447929448,2.240629599470703,2.1914674699702394,2.2385364545204154,2.4120133931815837,1.6071323253430139,1.274430887718535,1.250520233848681,1.2258576268668144,1.3323295088150264,1.4754421781496299,1.394269911402981,1.2967671453799534,1.2909315708885831,1.484607587274152,1.4735309038802922,1.2436360377503946
Astred Source Prediction,aligned source ratio,,,0.8986938963664564,0.9024261595279243,0.8836529320956303,0.8671091429392105,0.870942188966514,0.9092188991961739,0.9007852409235543,0.9039779318184814,0.8740844205124303,0.8917880136860886,0.8890743633596355,0.8872084765304278,0.8617859054905798,0.9118426657313449,0.917788484040884,0.918262724554785,0.9159499443811651,0.9159741411258959,0.9226529393889294,0.9156930067050721,0.913548480317778,0.868477852664184,0.8739450366507696,0.9157673303401105,0.909327409738112,0.9096329258196255,0.9052064117793506,0.9027084811600917,0.9052064117793506,0.9014136770100368,0.8995027216050784,0.9119211908833924,0.91371370275327,0.914070295805545,0.9119356016032547,0.910365998602626,0.9129814492234454,0.912229861376142,0.9116874480554864,0.8385657823100646,0.8850718634656445,0.9124990223512208
Astred Source Prediction,aligned target ratio,,,0.8410117444104733,0.8414691113093444,0.8188750391719685,0.8042133147639491,0.8152911172742283,0.8625107081025051,0.8512142902318048,0.8534859920333969,0.8230306045641493,0.8538967647356044,0.8502619597692884,0.8374029989952905,0.8307523991272857,0.8615668758569495,0.8524340288330884,0.8545557535611511,0.8476186023018346,0.8094913923979974,0.8536567640784269,0.8455540218807511,0.844801546508934,0.8250908875016847,0.7609407454669194,0.8633723295339931,0.8548836703960584,0.8622616930121471,0.8482774638087939,0.8461062437566866,0.8482726035969113,0.8376098491933532,0.8553173861895585,0.8595881655001836,0.8537855131333651,0.8543864204963204,0.8510561895531781,0.7957114963261,0.802468205922505,0.8508723879790996,0.8518155826617427,0.7248118918415325,0.7717899512850072,0.8600398134174593
Astred Source Prediction,aligned word pairs,,,17.602268871431413,17.65860725925011,17.45850205182539,16.78011853216379,16.909078634152785,17.84817837510194,17.689894435548283,17.69372324543842,17.17264742607735,17.494295685576024,17.45241306054796,17.42845665240535,16.914980005584674,17.93353174665761,17.99807024759186,18.035915036043107,17.97743676040594,18.060172694056686,18.1217782159755,17.95320533463475,17.969979493831847,17.224578472840243,18.057504614328185,18.013187540141907,17.809779510593405,17.772553195023303,17.787249503779677,17.78806575083753,17.78778946058313,17.652197674770928,17.65203662992029,17.924370416389586,17.95428968194027,17.950059594736462,17.89614311231274,17.807616320591194,17.938451890617547,17.931953873940156,17.89640470739819,16.459578489166915,17.29150478871382,17.91577689272832
Astred Source Prediction,rows eligible,,,1849.0,1834.0,1783.0,1816.0,1843.0,1863.0,1862.0,1857.0,1843.0,1851.0,1846.0,1831.0,1835.0,1866.0,1864.0,1863.0,1864.0,1842.0,1862.0,1860.0,1866.0,1826.0,1815.0,1856.0,1856.0,1838.0,1852.0,1849.0,1852.0,1840.0,1858.0,1848.0,1847.0,1847.0,1851.0,1863.0,1855.0,1849.0,1851.0,1850.0,1863.0,1849.0
Astred Source Prediction,rows excluded sentence count mismatch,,,151.0,166.0,217.0,184.0,157.0,137.0,138.0,143.0,157.0,149.0,154.0,169.0,165.0,134.0,136.0,137.0,136.0,158.0,138.0,140.0,134.0,174.0,185.0,144.0,144.0,162.0,148.0,151.0,148.0,160.0,142.0,152.0,153.0,153.0,149.0,137.0,145.0,151.0,149.0,150.0,137.0,151.0
Astred Source Prediction,rows failed,,,0.0,0.0,0.0,0.0,0.0,0.0,0.0,0.0,0.0,0.0,0.0,0.0,0.0,0.0,0.0,0.0,0.0,0.0,0.0,0.0,0.0,0.0,0.0,0.0,0.0,0.0,0.0,0.0,0.0,0.0,0.0,0.0,0.0,0.0,0.0,0.0,0.0,0.0,0.0,0.0,0.0,0.0
Astred Source Prediction,rows scored,,,1849.0,1834.0,1783.0,1816.0,1843.0,1863.0,1862.0,1857.0,1843.0,1851.0,1846.0,1831.0,1835.0,1866.0,1864.0,1863.0,1864.0,1842.0,1862.0,1860.0,1866.0,1826.0,1815.0,1856.0,1856.0,1838.0,1852.0,1849.0,1852.0,1840.0,1858.0,1848.0,1847.0,1847.0,1851.0,1863.0,1855.0,1849.0,1851.0,1850.0,1863.0,1849.0
Astred Source Prediction,rows scored multisentence,,,159.0,154.0,155.0,157.0,155.0,142.0,147.0,142.0,131.0,141.0,144.0,135.0,122.0,144.0,149.0,147.0,148.0,119.0,140.0,148.0,145.0,141.0,104.0,141.0,153.0,150.0,147.0,148.0,147.0,146.0,150.0,126.0,127.0,126.0,134.0,147.0,138.0,128.0,128.0,137.0,151.0,128.0
Astred Source Prediction,rows total,,,2000.0,2000.0,2000.0,2000.0,2000.0,2000.0,2000.0,2000.0,2000.0,2000.0,2000.0,2000.0,2000.0,2000.0,2000.0,2000.0,2000.0,2000.0,2000.0,2000.0,2000.0,2000.0,2000.0,2000.0,2000.0,2000.0,2000.0,2000.0,2000.0,2000.0,2000.0,2000.0,2000.0,2000.0,2000.0,2000.0,2000.0,2000.0,2000.0,2000.0,2000.0,2000.0
Astred Source Prediction,sacr cross,lower means closer to source structure,,2.268994561434899,2.311273861673324,2.951300445189129,3.0748629768645763,2.85663981535227,1.906294650009615,2.0813315898581237,2.0275872572675153,2.596868916515515,2.051627318816795,2.1668435708199976,2.17393648592069,2.5567752933607424,1.9597008918583672,2.0131049158407324,1.9466196194666792,2.063892349556472,2.093160583078842,1.8882860813439428,2.0790242790536326,2.1124358480281145,2.297322398587474,5.013834020488684,1.9685042992162167,2.2205737148169726,1.9602669792402594,2.13505888019032,2.1538151506432843,2.133439009779953,2.1752450168983586,2.1788235228340276,2.033927788321435,2.0273061549974876,2.016605374583565,2.1269222193649364,2.109750051948833,2.0419271446544296,2.055824255649587,2.0753987628303134,2.1157515990242253,2.1858829686762973,1.9477103443373731
Astred Source Prediction,sentence pairs scored,,,2052.0,2036.0,1984.0,2015.0,2044.0,2049.0,2055.0,2042.0,2010.0,2034.0,2035.0,2008.0,1981.0,2051.0,2057.0,2053.0,2055.0,1989.0,2043.0,2051.0,2056.0,2012.0,1939.0,2035.0,2056.0,2036.0,2041.0,2037.0,2041.0,2026.0,2055.0,2008.0,2009.0,2007.0,2019.0,2048.0,2027.0,2011.0,2014.0,2022.0,2052.0,2013.0
Astred Source Prediction,seq cross,lower means closer to source structure,,1.982535191639731,2.031879749063753,2.496429561309002,2.5762743067331892,2.480190125913617,1.7229948370225605,1.841255548236287,1.8234815366952235,2.2321399841945553,1.8115403939963604,1.8948718389792163,1.8977681750795883,2.160779912738528,1.7129187679196256,1.7451713653936678,1.7079306961132459,1.78798540325222,1.7937603507373736,1.6613523296504815,1.806289122798385,1.8370079882474268,1.991894783575572,4.615568985793186,1.7307439055851348,1.93925219458077,1.7029181398784414,1.8587765737364579,1.8896307671059538,1.8576966601295464,1.8735961675583503,1.916867905637865,1.7947732070763693,1.781131454296651,1.7763862775643744,1.8753358150901884,1.8398473239561388,1.7905933689710924,1.8081362569422708,1.8240582964009298,1.7732331798394345,1.897255356838039,1.722648597462099
Astred Source Prediction,ted,lower means closer to source structure,,8.994805251439209,9.019686295647343,9.942935565483335,10.224846172049023,9.909875009891389,8.425745435546045,8.758694085774062,8.715622254243744,9.677198850562885,8.68543099073532,8.826030127548457,9.122407094659033,9.464915716645777,8.394771137806758,8.578424408988639,8.51173803557092,8.701003824678612,9.433026457831144,8.493802776383758,8.701525885120024,8.834621365787587,11.075229132305036,69.77768662628026,8.318455955271032,8.641166466221778,8.378444744462392,8.78555811686635,8.92826644038693,8.785018160062894,9.136258818459183,8.702216890712569,8.535916907893066,8.62781205405865,8.625282259182859,8.667785884145491,9.828796228617147,9.766958138187364,8.691862839228005,8.960994466609794,11.186651160083814,14.095719329550684,8.539314805173857
Astred Source Prediction,word cross,lower means closer to source structure,,2.9776901923587014,3.0473642666656566,4.1686327736378335,4.335396087903203,4.005455089113365,2.438257807813665,2.7205211371687126,2.6638212335043794,3.429311613998616,2.6778035388910664,2.829667436977132,2.8634135863209322,3.486791831207196,2.556516352934748,2.6381784730549636,2.5323459995251776,2.6705895053954998,2.794226468859484,2.434617264101526,2.774730834113514,2.7930105129791185,3.0320450004075337,5.703621850786575,2.544739614987784,2.8874379965339396,2.4978076092163817,2.8685585557621196,2.796391700707076,2.8669386853517524,2.7591630158368035,2.923287527557208,2.7303920584888153,2.6668050237829735,2.6620003730469888,2.7990352635236886,2.824192941229916,2.738299966366484,2.7315400218173975,2.785243954268535,2.771107378931605,2.819942001659305,2.5636623358007324
Astred Source Reference,aligned source ratio,,0.9048564249138292,,,,,,,,,,,,,,,,,,,,,,,,,,,,,,,,,,,,,,,,,,
Astred Source Reference,aligned target ratio,,0.8518884652282358,,,,,,,,,,,,,,,,,,,,,,,,,,,,,,,,,,,,,,,,,,
Astred Source Reference,aligned word pairs,,17.762830607211104,,,,,,,,,,,,,,,,,,,,,,,,,,,,,,,,,,,,,,,,,,
Astred Source Reference,rows eligible,,1845.0,,,,,,,,,,,,,,,,,,,,,,,,,,,,,,,,,,,,,,,,,,
Astred Source Reference,rows excluded sentence count mismatch,,155.0,,,,,,,,,,,,,,,,,,,,,,,,,,,,,,,,,,,,,,,,,,
Astred Source Reference,rows failed,,0.0,,,,,,,,,,,,,,,,,,,,,,,,,,,,,,,,,,,,,,,,,,
Astred Source Reference,rows scored,,1845.0,,,,,,,,,,,,,,,,,,,,,,,,,,,,,,,,,,,,,,,,,,
Astred Source Reference,rows scored multisentence,,130.0,,,,,,,,,,,,,,,,,,,,,,,,,,,,,,,,,,,,,,,,,,
Astred Source Reference,rows total,,2000.0,,,,,,,,,,,,,,,,,,,,,,,,,,,,,,,,,,,,,,,,,,
Astred Source Reference,sacr cross,human reference structural distance from source; comparison baseline,2.2281877598596775,,,,,,,,,,,,,,,,,,,,,,,,,,,,,,,,,,,,,,,,,,
Astred Source Reference,sentence pairs scored,,2012.0,,,,,,,,,,,,,,,,,,,,,,,,,,,,,,,,,,,,,,,,,,
Astred Source Reference,seq cross,human reference structural distance from source; comparison baseline,1.9307431034776685,,,,,,,,,,,,,,,,,,,,,,,,,,,,,,,,,,,,,,,,,,
Astred Source Reference,ted,human reference structural distance from source; comparison baseline,8.853678961519343,,,,,,,,,,,,,,,,,,,,,,,,,,,,,,,,,,,,,,,,,,
Astred Source Reference,word cross,human reference structural distance from source; comparison baseline,3.0587299879710272,,,,,,,,,,,,,,,,,,,,,,,,,,,,,,,,,,,,,,,,,,
Frequency Profile Reference,text count,,,70000.0,70000.0,70000.0,70000.0,70000.0,70000.0,70000.0,70000.0,70000.0,70000.0,70000.0,70000.0,70000.0,70000.0,70000.0,70000.0,70000.0,70000.0,70000.0,70000.0,70000.0,70000.0,70000.0,70000.0,70000.0,70000.0,70000.0,70000.0,70000.0,70000.0,70000.0,70000.0,70000.0,70000.0,70000.0,70000.0,70000.0,70000.0,70000.0,70000.0,70000.0,70000.0
Lexical Diversity,mattr 50,closer to reference is better,0.8420861208452679,0.8441481756076954,0.842829321777265,0.8413690642192512,0.8444513338891254,0.8463259565886774,0.8446301428266858,0.8439437740352517,0.8446301108341724,0.8435969205534657,0.8381957465045189,0.836616962524659,0.8354040987913744,0.8400140453231936,0.8367927543952841,0.8373520802843161,0.8393750984613673,0.8376036866359297,0.8425414649222063,0.8430951148830438,0.8360843671165682,0.8385048629761678,0.8383967292863321,0.8408404759923453,0.8398202510104066,0.8444962834097809,0.8410159643932734,0.839854495611149,0.8403994624647491,0.8398355167778203,0.840551336573494,0.839929903416545,0.8406069609507776,0.8399647470469116,0.8401968783723384,0.8407818086225094,0.8401343408900107,0.8407362640250199,0.8399837095036583,0.8339306161930465,0.839393923437419,0.8384539022072054,0.8410095809336875
Lexical Diversity,mtld,closer to reference is better,138.53860816592646,138.88708940683307,137.26434675321647,137.3086384852474,139.9085858710685,141.12125779623148,140.14324030727175,139.94378642824216,140.43490461294704,136.958789965187,132.18319209736768,127.55693378637928,125.69085051136975,134.1820784114994,129.78995689962653,130.9908343056698,133.12913213975358,131.26916956128224,136.88317426081454,136.97694966228136,128.58529726241778,131.99532711216378,131.85140694212245,131.07651121486037,133.58568676312507,137.70425098059087,137.82427105362015,133.15174099500547,134.83010698686272,132.91458648580343,134.361498100186,132.98552044516373,134.11379794501974,132.92291478620274,133.29992890411864,134.9093225372594,133.2327926143642,134.45424763914914,133.72709810874704,122.24603930619344,129.87720198129546,129.4368600682594,135.00238009529838
Lexical Diversity,token count,closer to reference is better,37717.0,37815.0,38355.0,39492.0,38433.0,37735.0,37577.0,37754.0,37763.0,37848.0,37383.0,38074.0,38109.0,37072.0,37589.0,38313.0,38135.0,38458.0,38877.0,38697.0,38500.0,38400.0,38695.0,36100.0,37657.0,37987.0,37570.0,37986.0,38000.0,37986.0,39553.0,37426.0,37745.0,38060.0,38042.0,38089.0,38161.0,38106.0,38108.0,38300.0,38031.0,37925.0,37728.0
Lexical Diversity,ttr,closer to reference is better,0.2082350133891879,0.20536824011635593,0.2032329552861426,0.2011799858199129,0.2032628210131918,0.2070226580098052,0.20459323522367406,0.20485246596387138,0.20355903927124433,0.2027848235045445,0.20509322419281492,0.20315701003309344,0.1997428428980031,0.20328010358221837,0.2013621006145415,0.19867929945449325,0.20039333945194704,0.19886629569920433,0.19767471769941097,0.19668191332661447,0.1987012987012987,0.20015625,0.20067192143687815,0.20310249307479225,0.20198103938178824,0.20501750598889093,0.20577588501463934,0.19904701732217134,0.19807894736842105,0.19904701732217134,0.1911359441761687,0.20309410570191846,0.20251688965425885,0.20107724645296898,0.20130382209137268,0.2006878626375069,0.20125258772044757,0.20093948459560174,0.2008502151779154,0.19971279373368145,0.20141463542899213,0.2018457481872116,0.20218405428329092
Lexical Diversity,type count,closer to reference is better,7854.0,7766.0,7795.0,7945.0,7812.0,7812.0,7688.0,7734.0,7687.0,7675.0,7667.0,7735.0,7612.0,7536.0,7569.0,7612.0,7642.0,7648.0,7685.0,7611.0,7650.0,7686.0,7765.0,7332.0,7606.0,7788.0,7731.0,7561.0,7527.0,7561.0,7560.0,7601.0,7644.0,7653.0,7658.0,7644.0,7680.0,7657.0,7654.0,7649.0,7660.0,7655.0,7628.0
Lexical Diversity,yules i,closer to reference is better,122.06327963164412,121.0832852096218,122.40181352965914,122.92674372908256,119.08779718425957,121.35834468992873,123.59563414112807,122.30852892830897,122.88769989099009,119.50751598554768,120.8318668246529,121.16714925807527,119.46914852468386,120.44545108769002,117.01920307547358,117.51110470140175,119.10646170624466,117.66106954616467,124.34159921101694,126.3334403366242,116.44309226346518,120.04333595689329,119.74228430358004,123.121588248743,120.01513669651705,125.33343092987589,121.14942293936406,118.78254901005226,119.11781543865878,118.79802011010915,122.85944299691509,119.08618109190557,120.80373058254855,120.13016114067308,120.37966706127943,121.05080953252691,120.55669301272786,121.04621400479861,119.92805933393838,120.61190919371758,121.86535036825259,120.76544868936875,121.07713965736085
Lexical Diversity,yules k,closer to reference is better,81.92471994999194,82.58778230775454,81.69813593143294,81.34926295647215,83.97165987147632,82.4005965601299,80.90900677431266,81.76044702378434,81.3751092165505,83.67674549615208,82.7596251120713,82.53062039695997,83.70361824361602,83.0251363558722,85.45605966526985,85.09834049650215,83.95850113206501,84.98987845828199,80.42360773428092,79.15560577907408,85.87885984145724,83.30324978298611,83.51268775403696,81.22052470438379,83.3228230642861,79.78717191261607,82.54269609691046,84.18745079425535,83.95049861495845,84.17648703851629,81.39382497649035,83.97279943239117,82.77890055031638,83.24304158961333,83.07050720541939,82.60993907118774,82.94852612574768,82.61307536313008,83.38332209775119,82.91055225681544,82.0577790962075,82.80514094492261,82.59197424302593
Lexical Frequency Profile,b1 top 1000,closer to reference is better,0.7417079831375772,0.7385693507867248,0.7380524051622995,0.7315658867618758,0.7375952957094164,0.736027560620114,0.7393352316576629,0.7380410022779044,0.7397717342372163,0.7396956246036779,0.7364042479201777,0.7371171928350055,0.7402975675037393,0.7385088476478204,0.7478783686716859,0.7493540051679587,0.7470040645076701,0.7491029174684071,0.7496205982971937,0.750213194821304,0.7492727272727273,0.7478125,0.7450316578369298,0.7483656509695291,0.7470855352258544,0.7396214494432306,0.7348682459409103,0.7457221081451061,0.7466315789473684,0.7457221081451061,0.7295274694713423,0.7446427617164538,0.7454497284408531,0.747320021019443,0.7472267493822617,0.7470660820709392,0.7469405937999528,0.7472051645410172,0.7475333263356776,0.7448825065274152,0.7449186190213247,0.7451812788398154,0.7458121289228159
Lexical Frequency Profile,b2 1001 2000,closer to reference is better,0.060900920009544765,0.061086870289567635,0.0608786338156694,0.06110098247746379,0.06044284859365649,0.06190539287133961,0.06072863719828619,0.061265031519838954,0.06119746842147075,0.06261889663918833,0.06115079046625471,0.06111782318642643,0.06216379332965966,0.06274277082434182,0.0602569900768842,0.06060606060606061,0.060993837681919495,0.0602475427739352,0.060704272449005836,0.06140010853554539,0.060181818181818184,0.060703125,0.06202351725029073,0.06182825484764543,0.060812066813607034,0.05996788374970385,0.0611392068139473,0.060443321223608695,0.05971052631578947,0.060443321223608695,0.06297878795540161,0.06030566985518089,0.06032587097628825,0.059642669469259064,0.05980232374743704,0.0604899052219801,0.05998270485574277,0.05978061197711646,0.0600661278471712,0.05955613577023499,0.059425205753201336,0.05961766644693474,0.06056509754028838
Lexical Frequency Profile,b3 beyond 2000,closer to reference is better,0.197391096852878,0.20034377892370753,0.20106896102203103,0.2073331307606604,0.20196185569692712,0.20206704650854646,0.19993613114405087,0.2006939662022567,0.19903079734131293,0.1976854787571338,0.20244496161356768,0.20176498397856804,0.19753863916660105,0.19874838152783772,0.19186464125142993,0.19003993422598073,0.1920020978104104,0.1906495397576577,0.18967512925380045,0.18838669664315064,0.19054545454545455,0.191484375,0.19294482491277942,0.18980609418282549,0.19210239796053855,0.20041066680706557,0.2039925472451424,0.1938345706312852,0.1936578947368421,0.1938345706312852,0.20749374257325615,0.1950515684283653,0.19422440058285867,0.19303730951129794,0.19297092687030123,0.19244401270708078,0.1930767013443044,0.19301422348186636,0.19240054581715124,0.19556135770234986,0.19565617522547396,0.19520105471324983,0.19362277353689566
Morphological Diversity,morph inverse simpson optional,closer to reference is better,2.15014226870715,2.11886286463174,2.1397423178164394,2.1422276203132014,2.13972571996088,2.1313943964718036,2.149887437165637,2.152959672672283,2.1435142525265056,2.14575239073555,2.144509648623441,2.155168929485522,2.146655122219749,2.1441835775116314,2.1076260380794025,2.1150963159792266,2.128763315039119,2.1227512567207576,2.114255577940866,2.106379523318065,2.1268070769954717,2.1133968971984647,2.136840498715298,2.1138473894945164,2.098877074594845,2.169570207976651,2.153522180338174,2.121998837165966,2.1370192698088113,2.1218979466377053,2.1080411760155173,2.1402011151549933,2.126471356822406,2.122554725159655,2.1217947887623843,2.1371383721847046,2.137239517301375,2.1221428536081457,2.1286106193662127,2.1308570306114554,2.1624429259567224,2.130614278389852,2.1247744269710345
Morphological Diversity,morph shannon entropy,closer to reference is better,0.7826112635454587,0.770120921070598,0.7780533279632955,0.777122919120594,0.773886749811893,0.775451279463924,0.7817280063219484,0.7837420238099065,0.7813032483682405,0.7805334718710667,0.7810811120701624,0.781106685255501,0.7814410199545964,0.7778005022976521,0.7686288376492827,0.7711015656929826,0.7763238385239263,0.7737822545412091,0.7692553417237794,0.7676522267701789,0.7747067257029391,0.769129937728444,0.7786490666956489,0.7680594676888751,0.7663901375491081,0.7842091786098534,0.7811615953882263,0.7710229701689306,0.7740827198765045,0.7710093710643736,0.7616111452006646,0.7785960144647696,0.7744308839654501,0.77412289717884,0.7735768770948239,0.7790109079089337,0.7799853319948568,0.7724775043659111,0.776687735093919,0.7767036481480804,0.7876758579977531,0.7769547326014311,0.775443004341464
Morphological Diversity,morph simpson d,closer to reference is better,0.5160976483889793,0.5213871877232232,0.5180389405043588,0.5177926071175936,0.5214190948401561,0.5177928840963064,0.5149938457151094,0.5152650839849647,0.5158234125466471,0.5151722854634521,0.5180392872280999,0.5175589259021735,0.5176615050329825,0.5189075222756321,0.5212038066313498,0.5216921349843961,0.519114382401397,0.5197744189302036,0.5216274841375191,0.5223541232922793,0.5188779695163634,0.5215481505577845,0.5177839884382552,0.5203450911508631,0.5230949421467267,0.5146754645527776,0.5142033191841083,0.5204923853599293,0.5195344090248781,0.5205059666725005,0.527062966033385,0.5158945458466766,0.5172887760988237,0.5173479962724483,0.5177187867816093,0.5158723530490701,0.5158308418226893,0.5187914234960816,0.5167970112936379,0.5164783217796004,0.5133819014991914,0.5159188848560387,0.5168311094441038
Overall,row count,,,2000.0,2000.0,2000.0,2000.0,2000.0,2000.0,2000.0,2000.0,2000.0,2000.0,2000.0,2000.0,2000.0,2000.0,2000.0,2000.0,2000.0,2000.0,2000.0,2000.0,2000.0,2000.0,2000.0,2000.0,2000.0,2000.0,2000.0,2000.0,2000.0,2000.0,2000.0,2000.0,2000.0,2000.0,2000.0,2000.0,2000.0,2000.0,2000.0,2000.0,2000.0,2000.0
Synonym Frequency Analysis,sfa cdu,closer to reference is better,0.3421175796004861,0.3471679876929433,0.3412890110282391,0.34284506938663045,0.3454884884628115,0.34421528983162614,0.3454053582259403,0.3434123076995709,0.3443473586537749,0.3490688491569204,0.3505808335698296,0.3512958802160487,0.3520597680567412,0.35144352910829046,0.3462552395551136,0.34649408278939275,0.3449412048913322,0.3463242449020055,0.34578948252460934,0.3455746535279085,0.3450828313052148,0.34649083859483504,0.3459296827054292,0.3479887845962323,0.34542199665407536,0.3476623314193894,0.34735569673233074,0.34349070344287624,0.34441633667686444,0.34349070344287624,0.34670873428072513,0.3448729982899754,0.3445147937699888,0.3435959619771664,0.3439180828594112,0.34405848305714726,0.3435484048451799,0.34367563254362893,0.3422990094135042,0.3424978059699257,0.34497401524210625,0.34246758951248396,0.34384869376554034
Synonym Frequency Analysis,sfa ptf,closer to reference is better,0.9097349733486385,0.9131890081475783,0.9068682583200753,0.9083436389218771,0.9063373525515172,0.9061337946166829,0.9120535737312664,0.9100607423002304,0.9113983536160939,0.9181855886904431,0.9167978780066782,0.9184933030243211,0.920983892001988,0.9196479437562926,0.912575815004832,0.9123933270982274,0.9122160410830081,0.912556943577233,0.912740914767117,0.9129666212972538,0.911220170630892,0.9127909465178113,0.9112142079048985,0.9159692004245773,0.9115825091781927,0.9198463825622663,0.9138494330553738,0.910156773576227,0.9113527226508326,0.910156773576227,0.9137536623907374,0.9126384185710253,0.9148996605487496,0.9117868987716005,0.9120784177149314,0.9146113111327517,0.9127843036508865,0.9112160014701641,0.9103434163440027,0.9104870406774556,0.9119360590911268,0.9104399349127079,0.913145168794371
Synonym Frequency Analysis,sfa syn ttr,closer to reference is better,0.2219748767689617,0.21686945083853995,0.218705035971223,0.22475179732968162,0.23800599700149924,0.23675675675675675,0.2112438725490196,0.21763869132290184,0.21387552382430544,0.22624826629681,0.20747726507241496,0.208418194161575,0.20817906428811847,0.21031255518276532,0.20845639670449245,0.20704506998923242,0.20682204043833924,0.20768870135958745,0.2075857727415801,0.20550913030021664,0.207749766573296,0.20877576514678325,0.2100615044945592,0.22193614830072092,0.2099969049829774,0.2075288009086484,0.20428308515977917,0.2109931886583241,0.21272524318290545,0.2109931886583241,0.21150729335494328,0.21867630875648483,0.21587252949287575,0.21736453201970443,0.21780653111521872,0.2152328091273512,0.21831422373721723,0.21952351485148514,0.21876932591218307,0.21894867421305628,0.22980935875216638,0.22142970359803454,0.21755196304849886
