Metric group,Metric,Direction,Reference score,gemma3_12b_it | P0 translation score,gemma3_27b_it | P0 translation score,gemma3_27b_it | P1 translation score,gemma3_27b_it | P2 translation score,gemma3_27b_it | P3 translation score,latxa_70b_instruct | P0 translation score,latxa_70b_instruct | P1 translation score,latxa_70b_instruct | P2 translation score,latxa_70b_instruct | P3 translation score,latxa_70b_instruct | P4 SFT translation score,latxa_8b_instruct | P0 translation score,latxa_8b_instruct | P1 translation score,latxa_8b_instruct | P2 translation score,latxa_8b_instruct | P3 translation score,latxa_8b_instruct | P4 SFT translation score,latxa_8b_instruct | P5 GRPO A0 translation score,latxa_8b_instruct | P5 GRPO A1 translation score,latxa_8b_instruct | P5 GRPO A2 translation score,latxa_8b_instruct | P5 GRPO A3 translation score,latxa_8b_instruct | P5 GRPO A4 translation score,latxa_8b_instruct | P5 GRPO A3v2 translation score,latxa_8b_instruct | P5 GRPO A3v3 translation score,latxa_8b_instruct | P5 GRPO A3v4 translation score,latxa_8b_instruct | P5 GRPO A3v5 translation score,latxa_8b_instruct | P5 GRPO A5 translation score,qwen3_32b | P0 translation score,qwen3_8b | P0 translation score,salamandra_7b_instruct | P0 translation score,salamandra_7b_instruct | P1 translation score,salamandra_7b_instruct | P2 translation score,salamandra_7b_instruct | P3 translation score,salamandrata_7b_instruct | P0 translation score,salamandrata_7b_instruct | P4 SFT translation score,salamandrata_7b_instruct | P5 GRPO A0 translation score,salamandrata_7b_instruct | P5 GRPO A1 translation score,salamandrata_7b_instruct | P5 GRPO A2 translation score,salamandrata_7b_instruct | P5 GRPO A3 translation score,salamandrata_7b_instruct | P5 GRPO A4 translation score,salamandrata_7b_instruct | P5 GRPO A3v2 translation score,salamandrata_7b_instruct | P5 GRPO A3v3 translation score,salamandrata_7b_instruct | P5 GRPO A3v4 translation score,salamandrata_7b_instruct | P5 GRPO A3v5 translation score,salamandrata_7b_instruct | P5 GRPO A5 translation score
Adequacy,bleu,higher is better,,7.206800597106621,10.140580374088026,9.12110101346778,9.156544690982425,9.107170434319148,14.71124322278043,15.069417549584056,14.983944967687355,13.858281032812819,17.62626001704814,12.405449330646263,12.055340102024202,12.360652972855465,10.368495678134824,14.580542287800338,10.5782345025266,12.60410073635593,11.820960845610697,9.976709037636903,12.125235611741173,12.223327396245447,8.137443215368465,7.415697443213782,8.35755357354078,12.303259149124555,4.081865608068751,0.8965088961696659,8.002988182518116,8.025049591687619,8.104670205211162,6.040585129717822,15.93619701538687,17.397537605056986,13.449675309939414,13.591310360534806,14.160709500367378,10.955586200960328,12.91194547674173,13.488233629502309,8.761154567101487,5.641415553626547,10.853906115967996,13.242487829942489
Adequacy,chrf pp,higher is better,,37.0302026899389,41.001290434188974,39.975840391209545,39.793478406840315,39.62537615666069,46.58212864461043,46.78773145746097,46.80863058235979,45.1062303046891,46.92018745770465,43.37663420550705,43.10440847369436,43.37238094109846,41.758942409040344,43.55765943589947,45.38883791346063,45.96626043934311,45.03678498071347,44.13660411028227,46.03441312819628,45.31776146201453,41.607515421949714,41.000013860964756,42.98279811723723,43.79718188500359,30.7360533999943,18.513747451017004,35.88500128594742,36.47831481483236,35.960299544511805,30.973827956568663,45.922341741108816,46.568747649186584,47.36302871211655,46.97615736868828,47.69646777032565,45.4196204055332,46.2826001743235,46.40127910786273,42.8299380868457,36.87014437949048,45.035862514989624,44.72137691522484
Adequacy,comet,higher is better,,0.7046275418698787,0.7560000012069941,0.752148566275835,0.7602672168761492,0.7610807342976331,0.7874451174139977,0.7932248853892088,0.7909702274799347,0.7866992574483156,0.793807161718607,0.7718069058656692,0.7720596860274672,0.7748430836349726,0.7662502833753824,0.7805944166779518,0.8119993105232716,0.811862661883235,0.8107116478085518,0.7935761649608613,0.7957732927501202,0.80951637840271,0.7686782593429089,0.7769733293950558,0.7934259168356657,0.8116656485795974,0.6068898380473257,0.4916499485969543,0.7231672079786658,0.7281237035393715,0.7232343170419335,0.6630846098288894,0.792189983829856,0.7924737328588962,0.809074919372797,0.8077954833954573,0.8124703153967857,0.7887158698737621,0.792114763095975,0.8086916908025742,0.7738912140280009,0.738320852920413,0.7941208562850952,0.8036425908356905
Adequacy,comet qe,higher is better,0.6010643866211176,0.5347653403427685,0.6273206705152988,0.6164021085412241,0.6335599958114326,0.6350780682563781,0.6857554392367602,0.6910777291767299,0.6909176843762398,0.6784094879701733,0.6711648952681571,0.6545005581183359,0.6547808863893151,0.6598102141581476,0.6380957937836647,0.6598126998497174,0.7384088673740625,0.7315939645916224,0.7320883117169141,0.7229732073582709,0.7138351552635431,0.7296671419832855,0.695923251926899,0.6848907716274262,0.7065447185710072,0.7136134253144264,0.3857712774691172,0.20831236684555188,0.5608705604574643,0.5691893092943355,0.5608868079795503,0.4550536094913259,0.6844223836772144,0.6665865439404733,0.7256836238596588,0.7284448123015463,0.7270949540622532,0.7143535900972784,0.690727598592639,0.7239540594443679,0.6648863700488582,0.6392341353748925,0.6876807310767472,0.6990182248577476
Adequacy,cometkiwi,higher is better,0.6010643866211176,0.5347653403427685,0.6273206705152988,0.6164021085412241,0.6335599958114326,0.6350780682563781,0.6857554392367602,0.6910777291767299,0.6909176843762398,0.6784094879701733,0.6711648952681571,0.6545005581183359,0.6547808863893151,0.6598102141581476,0.6380957937836647,0.6598126998497174,0.7384088673740625,0.7315939645916224,0.7320883117169141,0.7229732073582709,0.7138351552635431,0.7296671419832855,0.695923251926899,0.6848907716274262,0.7065447185710072,0.7136134253144264,0.3857712774691172,0.20831236684555188,0.5608705604574643,0.5691893092943355,0.5608868079795503,0.4550536094913259,0.6844223836772144,0.6665865439404733,0.7256836238596588,0.7284448123015463,0.7270949540622532,0.7143535900972784,0.690727598592639,0.7239540594443679,0.6648863700488582,0.6392341353748925,0.6876807310767472,0.6990182248577476
Adequacy,metricx,lower is better,,9.491938032895327,6.898559855043888,6.974042594820261,6.5267068918943405,6.462711507081986,5.088297064706683,4.78327424390614,4.882891613557935,4.794160503275693,4.812863183528185,5.676283451169729,5.642542835250497,5.5231125441938635,5.826189647898078,5.207906486526132,4.122867008432746,4.22305746395886,4.258329312771559,4.764979156970978,4.4772498127408324,4.259943153738975,5.453944637656212,5.271135318607092,5.091925586491823,4.347091937050223,13.99720190924406,17.478536935925483,7.82427286145091,7.626002132862807,7.824383713334798,9.804607301950455,4.853581433519721,4.904050829812884,4.258486490741372,4.2351468208432195,4.094658672302962,4.808979001432657,4.812612896710634,4.20605753557384,5.403612419039011,6.066118526905775,4.872847304821015,4.433052523449064
Adequacy,ter,lower is better,,91.9114950491015,85.77482580171957,89.34028768183856,86.68350922945275,87.00541950205778,78.14677478505358,78.09787702212624,77.89006152968501,79.9722912676745,73.54631025630577,81.50442117273134,83.04877551852002,82.7839126359969,86.02338942993359,79.07175746709588,98.78978036754819,87.0991402143352,88.93280632411067,93.18283688521251,88.95318039199707,88.72499083166944,96.38971517053095,96.9194409355772,92.42899637341591,84.96393789984108,110.85530336987084,295.11837333441997,97.64068293875555,98.54529155291145,96.17375005093517,113.94808687502547,76.57389674422396,74.10455971639297,90.17154965160344,88.07302065930483,86.91577360335765,91.17395379161404,87.13173872295343,87.17656167230349,109.3598467870095,157.66268693207286,94.92278228271056,87.28658163889003
Adequacy,xcomet,higher is better,,0.4999421873651445,0.6353681194745004,0.6264622593000532,0.6430215015150607,0.6403580713719129,0.7339170615598559,0.7462838724516332,0.7427300362661481,0.7353618333935737,0.7530668393559754,0.6863948788382113,0.6899282023161649,0.6879905720651149,0.6624550357311964,0.7166583169000224,0.7504167850553058,0.7666324116513134,0.7545379122160375,0.6537212757021189,0.7021747855581343,0.7562897003367544,0.5435122921094299,0.667805114114657,0.603782444551005,0.7452150031737983,0.3208841621717438,0.2003578924993053,0.5593236327543855,0.5631407201178372,0.5593229556493461,0.4625991769004613,0.7436989052481949,0.744343266364187,0.7595167104564607,0.7558405048884451,0.7674701602272689,0.652923614166677,0.7131149292998016,0.7600641783215105,0.6813668242804706,0.6135560931153595,0.7110009249895811,0.7539494429342448
Astred,aligned source ratio,,,0.8213909321852947,0.8404840723528524,0.832601061483206,0.8331735515362099,0.8293991114621321,0.8544548046960657,0.8539766103406018,0.8558048623850819,0.8516417475877978,0.8724008707110705,0.854072953399859,0.8504035937326743,0.8474328449695534,0.8325686615855764,0.8651489929164233,0.7542422146701322,0.7997970376461665,0.7929494347661021,0.7681274281724966,0.8000167478996487,0.7954903753540064,0.7083066195185981,0.7624472248838629,0.6903079382770967,0.8251512182492796,0.7979731129210239,0.685173153524603,0.824259010510672,0.820014374776293,0.8247494590681609,0.8157168279187264,0.8646546354508136,0.8761987175524001,0.7938145693462187,0.7967078813372694,0.7961441567097348,0.773064139717812,0.8044298570031236,0.7979781141728087,0.7746545216762021,0.7337017442842398,0.7758365808663606,0.8315084083585698
Astred,aligned target ratio,,,0.8610042210696515,0.8733114678599949,0.8704900882964794,0.8674049061409856,0.8632552217774531,0.8796729086116096,0.880711931755045,0.8809839448331381,0.8705276070523665,0.8612744004211946,0.8621239467218438,0.8599724023566853,0.8653737892247881,0.8560087744653609,0.8456641623161983,0.9052734082606958,0.896584154558277,0.8930477439007285,0.894652801704266,0.8962121719620337,0.8953406302593945,0.8784854041770219,0.893397627417996,0.8833885358820316,0.8764111428311729,0.8436128235550386,0.7917293475631642,0.834124013053608,0.8402861249927027,0.8339529987285073,0.7877273540067684,0.8640223443093767,0.8604724436252428,0.9039145689432732,0.8996364203688997,0.9010789299266705,0.8935420030454334,0.8966067666572896,0.8947314209066894,0.8784383872767417,0.8784993691192201,0.894101245010833,0.8786398500695858
Astred,aligned word pairs,,,12.56092427470143,12.600566172801548,12.66310404646874,12.358859276431076,12.461749897455958,12.541906251262727,12.619113156289755,12.567631676785666,12.517052459926354,12.235637963809852,12.334455166645022,12.343213322660546,12.448712581124221,12.332445834714775,12.0511514194927,13.42455017952944,13.126236252791317,13.13894005031834,13.200401647251843,13.096610499825555,13.122453374535045,13.007333599668929,13.271522497437465,13.265165340227972,12.784971099735058,12.670825608363225,12.925527647857423,11.997855828749175,12.077849917893868,11.9878263302241,11.360547355123401,12.251980068096108,12.195933146904675,13.240795951098022,13.372019908924663,13.128218766215003,13.097188290439938,13.16669344827727,13.046921869481896,13.073261630053599,13.091305271542087,13.179896043512903,12.755535525310803
Astred,rows eligible,,,1745.0,1731.0,1720.0,1758.0,1783.0,1763.0,1777.0,1773.0,1805.0,1822.0,1769.0,1771.0,1770.0,1792.0,1816.0,1798.0,1805.0,1795.0,1804.0,1802.0,1807.0,1837.0,1803.0,1659.0,1771.0,1750.0,1708.0,1695.0,1673.0,1695.0,1515.0,1775.0,1835.0,1808.0,1760.0,1800.0,1795.0,1820.0,1811.0,1799.0,1825.0,1822.0,1813.0
Astred,rows excluded sentence count mismatch,,,255.0,269.0,280.0,242.0,217.0,237.0,223.0,227.0,195.0,178.0,231.0,229.0,230.0,208.0,184.0,202.0,195.0,205.0,196.0,198.0,193.0,163.0,197.0,341.0,229.0,250.0,292.0,305.0,327.0,305.0,485.0,225.0,165.0,192.0,240.0,200.0,205.0,180.0,189.0,201.0,175.0,178.0,187.0
Astred,rows failed,,,0.0,0.0,0.0,0.0,0.0,0.0,0.0,0.0,0.0,0.0,0.0,0.0,0.0,0.0,0.0,0.0,0.0,0.0,0.0,0.0,0.0,0.0,0.0,0.0,0.0,0.0,4.0,0.0,0.0,0.0,0.0,0.0,0.0,0.0,0.0,0.0,0.0,0.0,0.0,0.0,0.0,0.0,0.0
Astred,rows scored,,,1745.0,1731.0,1720.0,1758.0,1783.0,1763.0,1777.0,1773.0,1805.0,1822.0,1769.0,1771.0,1770.0,1792.0,1816.0,1798.0,1805.0,1795.0,1804.0,1802.0,1807.0,1837.0,1803.0,1659.0,1771.0,1750.0,1704.0,1695.0,1673.0,1695.0,1515.0,1775.0,1835.0,1808.0,1760.0,1800.0,1795.0,1820.0,1811.0,1799.0,1825.0,1822.0,1813.0
Astred,rows scored multisentence,,,53.0,54.0,58.0,54.0,54.0,54.0,56.0,54.0,56.0,54.0,52.0,54.0,52.0,52.0,41.0,51.0,52.0,51.0,40.0,53.0,51.0,7.0,18.0,17.0,43.0,56.0,41.0,59.0,56.0,59.0,57.0,55.0,38.0,58.0,45.0,48.0,54.0,49.0,44.0,14.0,22.0,56.0,45.0
Astred,rows total,,,2000.0,2000.0,2000.0,2000.0,2000.0,2000.0,2000.0,2000.0,2000.0,2000.0,2000.0,2000.0,2000.0,2000.0,2000.0,2000.0,2000.0,2000.0,2000.0,2000.0,2000.0,2000.0,2000.0,2000.0,2000.0,2000.0,2000.0,2000.0,2000.0,2000.0,2000.0,2000.0,2000.0,2000.0,2000.0,2000.0,2000.0,2000.0,2000.0,2000.0,2000.0,2000.0,2000.0
Astred,sacr cross,lower means closer to reference structure,,6.946278462816132,5.676310735396453,6.199550913973814,6.059041152129582,5.94808097191828,4.437043832120257,4.515869531904494,4.455082615767135,5.040190144975637,4.3595116871527155,5.108211882088626,5.343739972552889,5.106417418890892,5.7099506549086545,4.840514479200216,6.22508321630508,5.271883301466294,5.866801215732481,6.4768429338752185,5.480690716398036,5.837194373604382,6.886148240818899,7.297527130220042,6.605013330551564,5.837558105954556,8.984626240761004,12.860947917961798,6.213308069035921,6.394895406645962,6.186169425968075,6.211449605033723,3.9905330408896345,4.2279702207273075,5.31676482552335,5.3145447014447,5.3712563420344726,5.908198117572453,5.758855785704396,5.401611806193743,6.326854179265242,7.245440161879876,6.158174324207475,5.43927297559838
Astred,sentence pairs scored,,,1803.0,1791.0,1784.0,1818.0,1842.0,1822.0,1839.0,1832.0,1866.0,1880.0,1826.0,1829.0,1827.0,1848.0,1859.0,1852.0,1862.0,1849.0,1846.0,1859.0,1861.0,1846.0,1821.0,1678.0,1816.0,1810.0,1748.0,1760.0,1733.0,1760.0,1574.0,1835.0,1875.0,1869.0,1809.0,1851.0,1852.0,1871.0,1856.0,1813.0,1848.0,1881.0,1861.0
Astred,seq cross,lower means closer to reference structure,,5.890369032686866,4.691020960623691,5.13581743903151,5.013887371049627,4.968219791008523,3.6016300514079926,3.6510972941458193,3.5797653625531036,4.091957163759549,3.5063682769181703,4.208642649103774,4.486619484706283,4.241143918719057,4.766942420558449,3.9226617293736377,5.069382586402267,4.319933907145932,4.8215927922332265,5.2736353656377135,4.46238038916769,4.762550677542693,5.629438268480184,6.116230190993562,5.455712826981864,4.805227390191039,7.7683857438519,11.66136171370931,5.292332936783219,5.426542927452066,5.263424382210948,5.356502452047601,3.2695279098434016,3.4505363886952405,4.351719570812056,4.293018542227263,4.390155478546681,4.806436005977597,4.677830321011057,4.350930056714638,5.326958403834446,6.116509799532822,5.17279927629905,4.42400171713599
Astred,ted,lower means closer to reference structure,,9.745558080764681,9.042157846875112,9.340791763840917,9.109400480556923,9.29740901750183,8.619026882337696,8.669211247927114,8.665901593621987,8.884627089526669,8.346807335360435,8.8544493295509,8.926242251766695,8.930433730937768,9.24871389763538,8.84697916755284,11.252310536392269,9.83046789680416,10.009992061160585,10.739614966366052,9.862925385662264,10.126211391074182,11.42401149101748,10.88405337571257,12.08938383498604,9.381592140463574,12.329355022743384,36.64888075202934,10.660579990634023,10.532740368277842,10.436391200073551,11.56645025394632,8.285473925707178,8.265877890070902,10.317257168175892,10.438404480333434,9.909843437162355,10.350524961156008,9.839662044673409,9.940046019235504,11.981080058428589,17.345166460813257,10.562650055088188,9.710864414139712
Astred,word cross,lower means closer to reference structure,,9.269866059558453,7.921730186019089,8.50658830597786,8.358224851354223,8.268550253624356,6.754356643218355,6.775988103496738,6.7661104223940285,7.400208515780849,6.568926215616473,7.447195385087678,7.63174479739601,7.442990589189424,8.043725610143403,7.159624849034332,8.875946683351112,7.81712108303101,8.618882810384594,9.100830397413324,8.100632434826304,8.56458453454163,10.023477477369692,10.122515447777849,9.498440197874778,8.20309980559817,10.903073228717366,14.116859284496506,8.2969563752109,8.519444380223877,8.272177614148953,8.073066091054478,6.154975087409938,6.455393646258067,7.845354368672796,7.7878863353275305,7.997752407103186,8.357575109739537,8.268178882353396,7.93354496791117,8.898906163782485,9.85752118212802,8.93424805359708,7.819325381276751
Astred Source Prediction,aligned source ratio,,,0.6826451402823083,0.6938361832108891,0.6850927727309467,0.677547729766563,0.6734720243594611,0.7005862232030632,0.6901624088683893,0.6948237451330179,0.6781922877813003,0.6650474986903803,0.6820065218556509,0.6800271508368642,0.681828876958532,0.6819396075562115,0.6587397142158247,0.7256809990747639,0.7114137666138709,0.7082793659136353,0.7099427197456136,0.7141582407328372,0.709959818166031,0.6940666804723373,0.7031236398873167,0.6986603993781327,0.6873513272063985,0.6827860372669169,0.6424436730018942,0.6663039966517171,0.6709293635813595,0.6660310075841733,0.6738506650095579,0.6829246688299986,0.6665590593341671,0.7170203824653014,0.7128719476332307,0.7104055321139152,0.7100621588044562,0.7025367102035331,0.7066745271199023,0.6917463827442658,0.6941752535474685,0.7108978032365506,0.6842438160744627
Astred Source Prediction,aligned target ratio,,,0.7705582646835978,0.7862550890015444,0.7710181060173343,0.765330000709449,0.7663389408879338,0.7999673405944692,0.7885325486870827,0.7941887164246488,0.7777309153713418,0.7939269155418417,0.7995672537661447,0.7933212229996646,0.7912346696067974,0.7866128867942794,0.7893482817517888,0.705148151817324,0.7409891242720125,0.7338455716491582,0.704661538798361,0.7448960961862285,0.7383199302459421,0.656569468366859,0.7064089258277882,0.6463219000730861,0.7557457507602091,0.7632384728891901,0.668346361573039,0.7776625148090298,0.7749314612969841,0.7781013046201494,0.8072981064598895,0.802858091010834,0.7972662437600357,0.732901346359096,0.7406436688301803,0.7341042902868881,0.7052845926022303,0.7331937123418348,0.7366749846129533,0.7029807147778387,0.6701933955447705,0.7141089213632005,0.7569944173741022
Astred Source Prediction,aligned word pairs,,,12.632469228195255,12.96690526347016,12.80723355853027,12.425661441464912,12.604368607134651,13.049541193127428,12.907990159906186,12.938015556557604,12.754702235523336,12.440186613640854,12.839822862067448,12.74555211980425,12.84348815700186,12.768265353097926,12.229540364754111,13.822471628569312,13.5042461853643,13.391607649826513,13.430535642184648,13.527148111230987,13.364278504853248,13.192390228897438,13.416462089120042,13.52123247634042,12.946152696459617,12.843979494013963,12.841822043259365,12.282532985934063,12.401122189436238,12.272076189016065,12.060401412398969,12.645410486253004,12.461513444075393,13.620432391835148,13.704010664358618,13.495832987506615,13.483681778228696,13.404986006026823,13.397326218521332,13.243038380142329,13.3919560459232,13.501302269638941,12.874856507807044
Astred Source Prediction,rows eligible,,,1873.0,1852.0,1814.0,1843.0,1866.0,1863.0,1857.0,1862.0,1856.0,1867.0,1886.0,1885.0,1877.0,1856.0,1846.0,1858.0,1859.0,1835.0,1827.0,1861.0,1843.0,1799.0,1782.0,1642.0,1807.0,1857.0,1817.0,1817.0,1790.0,1817.0,1594.0,1865.0,1843.0,1860.0,1798.0,1841.0,1844.0,1836.0,1823.0,1772.0,1813.0,1847.0,1824.0
Astred Source Prediction,rows excluded sentence count mismatch,,,127.0,148.0,186.0,157.0,134.0,137.0,143.0,138.0,144.0,133.0,114.0,115.0,123.0,144.0,154.0,142.0,141.0,165.0,173.0,139.0,157.0,201.0,218.0,358.0,193.0,143.0,183.0,183.0,210.0,183.0,406.0,135.0,157.0,140.0,202.0,159.0,156.0,164.0,177.0,228.0,187.0,153.0,176.0
Astred Source Prediction,rows failed,,,0.0,0.0,0.0,0.0,0.0,0.0,0.0,0.0,0.0,0.0,0.0,0.0,0.0,0.0,0.0,0.0,0.0,0.0,0.0,0.0,0.0,0.0,0.0,0.0,0.0,0.0,8.0,0.0,0.0,0.0,0.0,0.0,0.0,0.0,0.0,0.0,0.0,0.0,0.0,0.0,0.0,0.0,0.0
Astred Source Prediction,rows scored,,,1873.0,1852.0,1814.0,1843.0,1866.0,1863.0,1857.0,1862.0,1856.0,1867.0,1886.0,1885.0,1877.0,1856.0,1846.0,1858.0,1859.0,1835.0,1827.0,1861.0,1843.0,1799.0,1782.0,1642.0,1807.0,1857.0,1809.0,1817.0,1790.0,1817.0,1594.0,1865.0,1843.0,1860.0,1798.0,1841.0,1844.0,1836.0,1823.0,1772.0,1813.0,1847.0,1824.0
Astred Source Prediction,rows scored multisentence,,,131.0,130.0,118.0,107.0,113.0,122.0,111.0,116.0,98.0,91.0,122.0,123.0,119.0,95.0,72.0,97.0,94.0,89.0,68.0,97.0,84.0,5.0,23.0,23.0,77.0,122.0,103.0,129.0,124.0,129.0,106.0,114.0,55.0,98.0,79.0,84.0,93.0,72.0,67.0,17.0,31.0,83.0,66.0
Astred Source Prediction,rows total,,,2000.0,2000.0,2000.0,2000.0,2000.0,2000.0,2000.0,2000.0,2000.0,2000.0,2000.0,2000.0,2000.0,2000.0,2000.0,2000.0,2000.0,2000.0,2000.0,2000.0,2000.0,2000.0,2000.0,2000.0,2000.0,2000.0,2000.0,2000.0,2000.0,2000.0,2000.0,2000.0,2000.0,2000.0,2000.0,2000.0,2000.0,2000.0,2000.0,2000.0,2000.0,2000.0,2000.0
Astred Source Prediction,sacr cross,lower means closer to source structure,,8.226588400347293,7.730785153748541,7.945194579862039,8.205089861446146,8.45581804885486,7.150863056954347,7.521915714900344,7.435277282638347,7.405782752062226,7.875334400556705,7.3492603217610935,6.822848234787894,7.415273969992982,6.319615612451987,7.747377954731319,9.295126106014312,8.903736184573624,9.310475427216762,9.87511098045226,9.056233183525407,9.32432404476143,10.711210305284165,9.587912447554567,11.010701663360376,8.879531894330253,8.445874548062351,10.087007460821036,6.727842238312041,7.061226562043567,6.7091300754061525,5.6641793889438246,7.697401146931114,8.119859328924054,8.803014460189763,9.571618712359472,9.52328643559769,9.597490006943561,9.238227968024766,9.594879986451193,9.860089486268626,9.738263517904022,10.408185379151094,9.022141718754535
Astred Source Prediction,sentence pairs scored,,,2027.0,2006.0,1952.0,1963.0,2000.0,2002.0,1979.0,1992.0,1963.0,1965.0,2026.0,2028.0,2012.0,1960.0,1923.0,1961.0,1963.0,1932.0,1901.0,1968.0,1932.0,1804.0,1807.0,1665.0,1890.0,2001.0,1929.0,1974.0,1940.0,1974.0,1718.0,1996.0,1901.0,1964.0,1883.0,1933.0,1944.0,1914.0,1895.0,1790.0,1846.0,1937.0,1896.0
Astred Source Prediction,seq cross,lower means closer to source structure,,7.418176570995908,7.038479529502562,7.2626246849762754,7.429482755881011,7.733505274382605,6.464089356334562,6.800570711881827,6.700772807207943,6.668322366850564,7.15128387316505,6.631909703540638,6.161166791313116,6.695426106726334,5.729060070038077,7.049368201230706,8.3946274374724,8.028887334915627,8.466779012983055,8.930081914671272,8.131466091534355,8.441206639296439,9.642736050039481,8.646617058672629,9.963999570924823,8.11021818023561,7.619348971488222,9.398734228342153,6.10511466367961,6.379236874536752,6.088603931703826,5.111080024041302,7.0086689758018546,7.307345306929557,7.961680211560541,8.656014782442622,8.602679383750473,8.628726558261286,8.271701375707593,8.568279101087455,8.939133475027257,8.8992666165106,9.340674900362318,8.122997865197483
Astred Source Prediction,ted,lower means closer to source structure,,12.373563210804129,12.079755123990896,12.273507401975698,12.27741369361031,12.479883626953315,11.844437101865182,12.103922279056528,11.941131253143418,12.265033737334466,12.318385913299485,11.990128565256589,12.00024289811085,12.140757269595953,11.875247098602385,12.423448274663809,13.514489612941702,12.80280127869139,12.940220265819656,13.56625323238276,12.776697291409452,12.882451703480958,13.774312755610335,13.071086455226895,14.590737541174487,12.62546328847652,14.25653822837742,35.87351304428213,13.355333922040382,13.145712335328325,13.140694406355186,14.091952650112422,12.043416246262163,12.351929427601512,13.169146683183783,13.36404448173876,13.209326597453298,13.467557674831879,13.073987798890528,13.106974761691237,14.88054968844355,20.346703677208204,13.158641507233614,13.209377504617356
Astred Source Prediction,word cross,lower means closer to source structure,,9.892961808426946,9.213151833437356,9.420935549298141,9.845116524728695,10.051200451641192,8.596281880242445,8.943499209758258,8.938212313974848,8.762864708615448,9.322092591415482,8.836229258965766,8.16244092342624,8.94559323838212,7.446565902879362,9.21084590635591,11.046995941339704,10.676651900243247,11.247341309539882,11.49987027910667,10.678783915513769,11.148102092128644,12.493867336968435,11.241876882050242,13.060418679596307,10.491103768898341,9.876365814844368,11.090367602854123,7.920003727215926,8.278245058933448,7.898539775647406,6.7295368317323385,9.217521002992015,9.567895347571428,10.504826106913903,11.452845295840847,11.306536478087441,11.122769955929419,10.865551252342371,11.357338923631678,11.567683122854273,11.10181994945399,12.349037574118853,10.640762095294278
Astred Source Reference,aligned source ratio,,0.6587112129286793,,,,,,,,,,,,,,,,,,,,,,,,,,,,,,,,,,,,,,,,,,,
Astred Source Reference,aligned target ratio,,0.7695292430096631,,,,,,,,,,,,,,,,,,,,,,,,,,,,,,,,,,,,,,,,,,,
Astred Source Reference,aligned word pairs,,12.371301376116405,,,,,,,,,,,,,,,,,,,,,,,,,,,,,,,,,,,,,,,,,,,
Astred Source Reference,rows eligible,,1774.0,,,,,,,,,,,,,,,,,,,,,,,,,,,,,,,,,,,,,,,,,,,
Astred Source Reference,rows excluded sentence count mismatch,,226.0,,,,,,,,,,,,,,,,,,,,,,,,,,,,,,,,,,,,,,,,,,,
Astred Source Reference,rows failed,,0.0,,,,,,,,,,,,,,,,,,,,,,,,,,,,,,,,,,,,,,,,,,,
Astred Source Reference,rows scored,,1774.0,,,,,,,,,,,,,,,,,,,,,,,,,,,,,,,,,,,,,,,,,,,
Astred Source Reference,rows scored multisentence,,56.0,,,,,,,,,,,,,,,,,,,,,,,,,,,,,,,,,,,,,,,,,,,
Astred Source Reference,rows total,,2000.0,,,,,,,,,,,,,,,,,,,,,,,,,,,,,,,,,,,,,,,,,,,
Astred Source Reference,sacr cross,human reference structural distance from source; comparison baseline,7.984170982799137,,,,,,,,,,,,,,,,,,,,,,,,,,,,,,,,,,,,,,,,,,,
Astred Source Reference,sentence pairs scored,,1834.0,,,,,,,,,,,,,,,,,,,,,,,,,,,,,,,,,,,,,,,,,,,
Astred Source Reference,seq cross,human reference structural distance from source; comparison baseline,7.261044486550191,,,,,,,,,,,,,,,,,,,,,,,,,,,,,,,,,,,,,,,,,,,
Astred Source Reference,ted,human reference structural distance from source; comparison baseline,12.519365928205003,,,,,,,,,,,,,,,,,,,,,,,,,,,,,,,,,,,,,,,,,,,
Astred Source Reference,word cross,human reference structural distance from source; comparison baseline,9.291535300515974,,,,,,,,,,,,,,,,,,,,,,,,,,,,,,,,,,,,,,,,,,,
Frequency Profile Reference,text count,,,70000.0,70000.0,70000.0,70000.0,70000.0,70000.0,70000.0,70000.0,70000.0,70000.0,70000.0,70000.0,70000.0,70000.0,70000.0,70000.0,70000.0,70000.0,70000.0,70000.0,70000.0,70000.0,70000.0,70000.0,70000.0,70000.0,70000.0,70000.0,70000.0,70000.0,70000.0,70000.0,70000.0,70000.0,70000.0,70000.0,70000.0,70000.0,70000.0,70000.0,70000.0,70000.0,70000.0
Lexical Diversity,mattr 50,closer to reference is better,0.8494979180012411,0.8526002499147756,0.8470904570663145,0.8532553063374636,0.8600855232467235,0.8569013314590919,0.843604800186392,0.8494485494282864,0.8473925902863992,0.8581547385748682,0.8371359324724782,0.8376230567411734,0.8324932312214406,0.8365012933863261,0.8498969627066272,0.8179359960307415,0.83467926062612,0.8424135759272083,0.8464374934761835,0.8401799619311057,0.8483393539788723,0.8457837384744037,0.8084396146537779,0.8403379001448884,0.8570668504479431,0.8517977444724529,0.7504611190531504,0.3162144390768465,0.7751737733644217,0.7659421120504,0.782155520189451,0.7606531169940242,0.8282216794137272,0.8341802190507392,0.8323784929148197,0.8321654401744046,0.8363801985602529,0.8451129583002723,0.8623865430827262,0.8389419747957132,0.7932122293874182,0.5719006222144467,0.8196119335297984,0.8159235031277695
Lexical Diversity,mtld,closer to reference is better,187.61038008204332,172.48149384745977,173.09162996097427,195.74264705882354,205.1654859613425,197.2671014397763,162.02880770509384,178.00177022749955,168.54170218086244,208.11835358990476,157.31572304967693,150.98432331600927,142.21113160768022,150.0298097379415,171.56812419450935,113.30965408122586,133.37680921632193,152.35774405431317,158.42873943132565,143.12664045240123,160.6748665141114,154.90461640574932,102.86224802846677,151.3880422441256,170.80077494693614,179.8917495526481,58.416742057084946,14.291279463875291,72.80030366761403,64.87182783226328,75.61179856588382,61.94438494070978,128.71855427712353,147.57224049707602,127.5704181986028,125.96620982229078,138.34451793577503,157.46058219540308,205.5861164979652,141.00665786528492,82.25860025291738,26.69913984783978,120.38679430757047,102.96093051568894
Lexical Diversity,token count,closer to reference is better,25025.0,26458.0,26194.0,26621.0,25773.0,25660.0,25798.0,25763.0,25745.0,25563.0,23980.0,25586.0,25903.0,25950.0,26059.0,24235.0,32022.0,28629.0,28790.0,28944.0,28562.0,28681.0,30048.0,30413.0,29069.0,27005.0,30128.0,74569.0,27441.0,27965.0,27068.0,29324.0,25022.0,24153.0,30253.0,29401.0,29360.0,29042.0,29179.0,28933.0,34785.0,45371.0,30920.0,28024.0
Lexical Diversity,ttr,closer to reference is better,0.24515484515484515,0.23195252853579257,0.22127204703367184,0.22478494421697157,0.22620571916346563,0.22614964925954795,0.21350492286223738,0.22031595699258627,0.2170518547290736,0.22892461761139146,0.22172643869891576,0.20808254514187446,0.2087016947843879,0.2070520231213873,0.2142829732530028,0.21270889209820507,0.17384922865529948,0.19452303608229418,0.1938867662382772,0.19427169707020453,0.1971150479658287,0.19556500819357764,0.19072816826411076,0.20195311215598594,0.1974268120678386,0.1979263099426032,0.19845326606479022,0.056900320508522305,0.19281367297110164,0.188020740210978,0.1955814984483523,0.18466102850907107,0.20809687475021982,0.22320208669730468,0.18232902522063926,0.18754464133872997,0.1909400544959128,0.19458026306728188,0.20466774049830358,0.19247917602737358,0.1857984763547506,0.1322651032597915,0.18683699870633894,0.196117613474165
Lexical Diversity,type count,closer to reference is better,6135.0,6137.0,5796.0,5984.0,5830.0,5803.0,5508.0,5676.0,5588.0,5852.0,5317.0,5324.0,5406.0,5373.0,5584.0,5155.0,5567.0,5569.0,5582.0,5623.0,5630.0,5609.0,5731.0,6142.0,5739.0,5345.0,5979.0,4243.0,5291.0,5258.0,5294.0,5415.0,5207.0,5391.0,5516.0,5514.0,5606.0,5651.0,5972.0,5569.0,6463.0,6001.0,5777.0,5496.0
Lexical Diversity,yules i,closer to reference is better,122.77839937513944,149.82055667845495,128.84790055815103,139.23065729081247,138.31067514600497,137.56206567606722,126.84473195597674,132.08437408334464,130.53052437503177,139.92706915166292,115.35418870779888,120.57686587974571,122.76305563666995,124.44062906777424,138.1765064842522,105.80767415424693,132.11677356346422,131.81920310156912,134.87417219405148,142.72620213824774,133.478558030496,144.82670632705916,88.14395246830358,122.64230038335391,167.47671121181216,144.2708345697652,133.97380614944728,63.88874705396123,117.27438111595362,106.18891573796999,117.88263104020945,144.98660163294707,123.35720562355532,114.58631498972515,123.99257611182206,128.62942421876883,131.3696582140936,135.46976930052608,147.2867510192615,137.51568623263637,125.24419848431275,8.028962479455727,91.98435649097097,137.33944473454753
Lexical Diversity,yules k,closer to reference is better,81.44755144954945,66.74651477541904,77.61088816101312,71.82326216497636,72.3009991054103,72.6944594125834,78.83654169785027,75.70918262965796,76.61043306061235,71.46580043895072,86.68952650978957,82.93464859149057,81.45773130310508,80.35960662456704,72.37120299563868,94.51110309278657,75.6906161895965,75.86148121601688,74.14317980474725,70.06421981517998,74.9183999853766,69.04803853936447,113.4507781869208,81.53793567751187,59.70979444033111,69.3140788283462,74.64145632202937,156.522086613373,85.27011530431886,94.17178742719094,84.83013919657958,68.97189041864941,81.06539013632195,87.2704563446053,80.6499898105315,77.7427098094781,76.12107800191552,73.81720698007541,67.89476942628903,72.71897682336342,79.84401769517918,1245.4909367913608,108.71413772385942,72.81229379751902
Lexical Frequency Profile,b1 top 1000,closer to reference is better,0.6261738261738262,0.6447955249829919,0.6493853554249065,0.6358513955148192,0.6466457145074302,0.6482852689010132,0.6511357469571285,0.6438302992663898,0.6469217323752184,0.6408089817314087,0.6522101751459549,0.668256077542406,0.668107941165116,0.6661271676300577,0.6655665988717909,0.6625954198473283,0.7017050777590407,0.6799049914422439,0.6772837790899618,0.6759259259259259,0.6819900567187172,0.6775565705519333,0.693024494142705,0.6053003649755039,0.6709209123120851,0.6763192001481207,0.6794344131704726,0.6994595609435557,0.6528552166466237,0.6549973180761667,0.6520614748041969,0.5863797571954713,0.6509471664934857,0.6496501469796713,0.6875020659108187,0.6796367470494201,0.6885558583106267,0.6696852833826872,0.6629082559374893,0.6671966266892476,0.665028029322984,0.7347865376562122,0.6903622250970246,0.6547245218384242
Lexical Frequency Profile,b2 1001 2000,closer to reference is better,0.07020979020979021,0.0707914430418021,0.07051233106818355,0.07122196761954848,0.07515617118690102,0.07330475448168355,0.07411427242421893,0.0780576796180569,0.07617013012235385,0.0782771975120291,0.07552126772310258,0.07226608301414836,0.07161332664170174,0.07244701348747591,0.0720288575923865,0.07674850422942026,0.0723252763724939,0.07398092842921514,0.07589440778047933,0.07766721945826423,0.07495973671311533,0.07447439071162093,0.07195154419595313,0.10291651596356821,0.07437476349375624,0.07639326050731346,0.057056558682952736,0.05814748756185546,0.07266499034291753,0.06483103879849812,0.07071080242352594,0.06441822398035739,0.07445448005754936,0.07502173643025711,0.07414140746372261,0.0697255195401517,0.07169618528610354,0.07485710350526824,0.07762431885945371,0.07351467182801645,0.07609601839873509,0.05406537215401909,0.06908150064683052,0.07657721952612047
Lexical Frequency Profile,b3 beyond 2000,closer to reference is better,0.3036163836163836,0.284413031975206,0.28010231350691,0.2929266368656324,0.2781981143056687,0.2784099766173032,0.27474998061865263,0.27811202111555333,0.27690813750242765,0.28091382075656224,0.27226855713094245,0.25947783944344566,0.26027873219318226,0.2614258188824663,0.26240454353582254,0.2606560759232515,0.22596964586846544,0.246114080128541,0.24682181312955886,0.24640685461580983,0.2430502065681675,0.24796903873644574,0.23502396166134185,0.2917831190609279,0.2547043241941587,0.24728753934456582,0.2635090281465746,0.2423929514945889,0.27447979301045883,0.28017164312533527,0.27722772277227725,0.34920201882417135,0.27459835344896494,0.2753281165900716,0.23835652662545864,0.2506377334104282,0.23974795640326976,0.2554576131120446,0.259467425203057,0.259288701482736,0.25887595227828086,0.2111480901897688,0.2405562742561449,0.2686982586354553
Morphological Diversity,morph inverse simpson optional,closer to reference is better,2.496065538279624,2.388481490456818,2.423127179926018,2.4303644020243693,2.437366183050734,2.430499042495805,2.4329839969831277,2.437243071276699,2.431278193543774,2.4673881165437064,2.4463262939670023,2.4312814932394056,2.441281401076869,2.436310241612221,2.454687548570491,2.3848112597211055,2.4014903547173425,2.4152555123374446,2.4369577050470275,2.4655690238924493,2.4209733449019897,2.444252815908028,2.515755527913322,2.466780295064268,2.4391246890664906,2.4414439794045277,2.433119173414699,2.0803447800594026,2.38808563737976,2.355340739953791,2.3927192907989476,2.375548564131789,2.3734681893597322,2.391719523787006,2.420493325439234,2.4335937808171253,2.4103989794598037,2.4808884662068764,2.4781322103223715,2.4400827120644464,2.4779176760895183,2.5159246614335706,2.44447194018892,2.445105431564762
Morphological Diversity,morph shannon entropy,closer to reference is better,0.9434109849236398,0.8955794805000703,0.9145059992219661,0.916020251024121,0.9200089033804831,0.9215473352953012,0.9177696223813292,0.9205627701112729,0.9142328090835083,0.9359523800825041,0.9203021849076334,0.9236619309694724,0.9249977301788782,0.9251572099661587,0.9326563789841813,0.9032173268084618,0.9129170725056106,0.9170549253119215,0.9271898893317775,0.930857308666036,0.915193165637542,0.9263253044550123,0.9495486456396244,0.9261441867373167,0.920171040776414,0.9296286635246819,0.9146193930653236,0.767411785996632,0.9051200558167497,0.8912771698577735,0.9071033139332725,0.8901925012362918,0.9037877135681951,0.9028525654142648,0.9146915144852492,0.9242068822381349,0.9191365445973515,0.9370209279480745,0.9300362504277586,0.9254250521051163,0.9287921609212382,0.9434216222442185,0.9236162276119838,0.9240099057677637
Morphological Diversity,morph simpson d,closer to reference is better,0.45557942314779626,0.4800176108591397,0.47359123887321053,0.47175803553845763,0.46887312124203834,0.46844201240722866,0.4667911635606377,0.46765224156127927,0.46949832136879666,0.4592174549747862,0.46480758006023276,0.46534339178100903,0.46452596151008657,0.46505872131493975,0.46191506757981093,0.47286511173872486,0.4733444947161537,0.46962738384415476,0.4648946772111151,0.46461621732808217,0.46799670714657615,0.46502836822931487,0.4575748283543968,0.46590658069776447,0.4670713652731608,0.46465891025344963,0.4708658604190005,0.5452004586084204,0.47418953583038126,0.481704563757555,0.4727888279797213,0.47928467300581773,0.47464727139780705,0.4737754837695109,0.47181027836290584,0.4692688892453642,0.46866660816904937,0.46466805372358216,0.4655546014688088,0.46740836272877995,0.4665466584569699,0.45872389193473717,0.46849563347651463,0.4680395244824021
Overall,row count,,,2000.0,2000.0,2000.0,2000.0,2000.0,2000.0,2000.0,2000.0,2000.0,2000.0,2000.0,2000.0,2000.0,2000.0,2000.0,2000.0,2000.0,2000.0,2000.0,2000.0,2000.0,2000.0,2000.0,2000.0,2000.0,2000.0,2000.0,2000.0,2000.0,2000.0,2000.0,2000.0,2000.0,2000.0,2000.0,2000.0,2000.0,2000.0,2000.0,2000.0,2000.0,2000.0,2000.0
Synonym Frequency Analysis,sfa cdu,closer to reference is better,0.35997673152245346,0.37138531091090304,0.3648994757466003,0.3632780335006934,0.3584929290826843,0.36099214110483097,0.3645290242883732,0.3636344443006678,0.36274096058118716,0.3555006556636042,0.35591285205223966,0.359922745523293,0.35923008576128934,0.35886780139491486,0.35934987522754497,0.36176149672088836,0.3632649336106639,0.35827069769047165,0.3615676162715978,0.3628723112063588,0.3636491629163391,0.3590221724368997,0.35850382676934034,0.3599218026433847,0.3596078858499407,0.36238299014304004,0.3831407767140289,0.39310568353567527,0.36400307128490983,0.3624618547308083,0.3643843289002684,0.3657262043220752,0.35613577988517664,0.35222279089365205,0.3560977644213602,0.35662610970629244,0.3554829355012098,0.3549219006628093,0.35263959134429307,0.35202782326043497,0.35386486570765757,0.3511632593560614,0.3555580958907119,0.3557426909008675
Synonym Frequency Analysis,sfa ptf,closer to reference is better,0.9310776950865073,0.9355887869646173,0.9323722105843307,0.933289245011515,0.9284593715005551,0.9310789523949594,0.9417531208465049,0.9386296070702079,0.939197029786587,0.9279607027799611,0.9266843690827093,0.9312479387139002,0.9329958554143144,0.9286545448632634,0.9289215139567052,0.9332308395334843,0.9401952813234948,0.929830235384316,0.933076490968684,0.9378962802879597,0.9381843202187176,0.9363478401977398,0.9304542486619767,0.9291009318401919,0.9298121192662995,0.933877659910688,0.9417961459757482,0.9448106096643205,0.9293435530042473,0.932033672597061,0.9303733850698469,0.9361896396281394,0.9327301799491975,0.9197841542547964,0.9276562749596972,0.928578411984221,0.9298946030825083,0.9278659068835532,0.9233989120090612,0.9198730290041808,0.92447283270704,0.9228449942255137,0.925279135127173,0.9269670163701743
Synonym Frequency Analysis,sfa syn ttr,closer to reference is better,0.12859519847872594,0.11288963774220724,0.10995891215026414,0.11343769058751779,0.11727078891257996,0.11788107202680068,0.11051883439943141,0.1133808095952024,0.11191728641393071,0.120741785930256,0.12144089732528042,0.11399154256297113,0.11477251451039132,0.11353550295857988,0.11260568793235973,0.12177835051546392,0.10572450805008944,0.11283604695191216,0.11437971743758467,0.11788453774727493,0.11385842472582253,0.11400462962962964,0.118817976605787,0.12187896741430385,0.11400587659157689,0.11915159076731129,0.08696671354899203,0.04441127075947005,0.11292050567816585,0.11366566394499356,0.11341095299698145,0.12380713209442491,0.11432897974635624,0.12513461124273098,0.10957155879671832,0.10765076507650766,0.11673453558270312,0.1175030599755202,0.1145126913388878,0.1162340178225494,0.10666902529630284,0.12460994383191179,0.11597032409215151,0.11937538524758579
